Flight_ID,Origin,Date,Flight_Type,Service_Type,Passenger_Count,Product_ID,Product_Name,Standard_Specification_Qty,Quantity_Returned,Quantity_Consumed,Unit_Cost,Crew_Feedback
AM109,DOH,2025-09-26,medium-haul,Retail,272,BRD001,Bread Roll Pack,62,7,55,0.35,
AM109,DOH,2025-09-26,medium-haul,Retail,272,CRK075,Butter Cookies 75g,74,14,60,0.75,
AM109,DOH,2025-09-26,medium-haul,Retail,272,DRK023,Sparkling Water 330ml,125,30,95,0.45,
AM109,DOH,2025-09-26,medium-haul,Retail,272,DRK024,Still Water 500ml,110,19,91,0.5,
LX110,DOH,2025-09-26,medium-haul,Pick & Pack,272,BRD001,Bread Roll Pack,177,58,119,0.35,
LX110,DOH,2025-09-26,medium-haul,Pick & Pack,272,CHO050,Chocolate Bar 50g,147,48,99,0.8,
LX110,DOH,2025-09-26,medium-haul,Pick & Pack,272,CRK075,Butter Cookies 75g,131,36,95,0.75,drawer incomplete
LX110,DOH,2025-09-26,medium-haul,Pick & Pack,272,DRK023,Sparkling Water 330ml,205,37,168,0.45,
LX110,DOH,2025-09-26,medium-haul,Pick & Pack,272,DRK024,Still Water 500ml,197,95,102,0.5,
LX110,DOH,2025-09-26,medium-haul,Pick & Pack,272,JCE200,Juice 200ml,231,97,134,0.55,
LX110,DOH,2025-09-26,medium-haul,Pick & Pack,272,SNK001,Snack Box Economy,179,41,138,2.1,
AA105,JFK,2025-09-26,long-haul,Retail,288,BRD001,Bread Roll Pack,67,11,56,0.35,
AA105,JFK,2025-09-26,long-haul,Retail,288,CHO050,Chocolate Bar 50g,79,14,65,0.8,drawer incomplete
AA105,JFK,2025-09-26,long-haul,Retail,288,CRK075,Butter Cookies 75g,80,16,64,0.75,
AA105,JFK,2025-09-26,long-haul,Retail,288,HTB110,Herbal Tea Bag,89,5,84,0.06,
AA105,JFK,2025-09-26,long-haul,Retail,288,JCE200,Juice 200ml,114,21,93,0.55,
AA105,JFK,2025-09-26,long-haul,Retail,288,NUT030,Mixed Nuts 30g,92,17,75,0.65,
BA106,JFK,2025-09-26,long-haul,Pick & Pack,289,CHO050,Chocolate Bar 50g,163,53,110,0.8,
BA106,JFK,2025-09-26,long-haul,Pick & Pack,289,COF200,Instant Coffee Stick,142,29,113,0.08,
BA106,JFK,2025-09-26,long-haul,Pick & Pack,289,CRK075,Butter Cookies 75g,149,29,120,0.75,
BA106,JFK,2025-09-26,long-haul,Pick & Pack,289,DRK023,Sparkling Water 330ml,250,117,133,0.45,
BA106,JFK,2025-09-26,long-haul,Pick & Pack,289,DRK024,Still Water 500ml,223,85,138,0.5,
BA106,JFK,2025-09-26,long-haul,Pick & Pack,289,JCE200,Juice 200ml,213,47,166,0.55,
AM104,LHR,2025-09-26,short-haul,Retail,145,COF200,Instant Coffee Stick,49,5,44,0.08,drawer incomplete
AM104,LHR,2025-09-26,short-haul,Retail,145,JCE200,Juice 200ml,57,6,51,0.55,
AM104,LHR,2025-09-26,short-haul,Retail,145,NUT030,Mixed Nuts 30g,41,4,37,0.65,
AM104,LHR,2025-09-26,short-haul,Retail,145,SNK001,Snack Box Economy,37,6,31,2.1,
LX103,LHR,2025-09-26,short-haul,Retail,137,BRD001,Bread Roll Pack,36,5,31,0.35,
LX103,LHR,2025-09-26,short-haul,Retail,137,COF200,Instant Coffee Stick,43,6,37,0.08,
LX103,LHR,2025-09-26,short-haul,Retail,137,CRK075,Butter Cookies 75g,44,4,40,0.75,
LX103,LHR,2025-09-26,short-haul,Retail,137,DRK024,Still Water 500ml,56,10,46,0.5,
LX103,LHR,2025-09-26,short-haul,Retail,137,NUT030,Mixed Nuts 30g,44,3,41,0.65,ran out early
LX103,LHR,2025-09-26,short-haul,Retail,137,SNK001,Snack Box Economy,36,8,28,2.1,
AM111,MEX,2025-09-26,long-haul,Retail,321,CHO050,Chocolate Bar 50g,109,17,92,0.8,
AM111,MEX,2025-09-26,long-haul,Retail,321,CRK075,Butter Cookies 75g,110,23,87,0.75,drawer incomplete
AM111,MEX,2025-09-26,long-haul,Retail,321,DRK023,Sparkling Water 330ml,135,37,98,0.45,
AM111,MEX,2025-09-26,long-haul,Retail,321,DRK024,Still Water 500ml,136,30,106,0.5,
AM111,MEX,2025-09-26,long-haul,Retail,321,HTB110,Herbal Tea Bag,92,10,82,0.06,
AM111,MEX,2025-09-26,long-haul,Retail,321,JCE200,Juice 200ml,120,28,92,0.55,
AM111,MEX,2025-09-26,long-haul,Retail,321,SNK001,Snack Box Economy,89,15,74,2.1,
AM112,MEX,2025-09-26,long-haul,Retail,329,BRD001,Bread Roll Pack,93,5,88,0.35,
AM112,MEX,2025-09-26,long-haul,Retail,329,COF200,Instant Coffee Stick,92,9,83,0.08,
AM112,MEX,2025-09-26,long-haul,Retail,329,CRK075,Butter Cookies 75g,99,17,82,0.75,
AM112,MEX,2025-09-26,long-haul,Retail,329,JCE200,Juice 200ml,126,16,110,0.55,
AM112,MEX,2025-09-26,long-haul,Retail,329,NUT030,Mixed Nuts 30g,103,11,92,0.65,
BA107,NRT,2025-09-26,long-haul,Retail,317,CHO050,Chocolate Bar 50g,106,20,86,0.8,
BA107,NRT,2025-09-26,long-haul,Retail,317,HTB110,Herbal Tea Bag,94,9,85,0.06,
BA107,NRT,2025-09-26,long-haul,Retail,317,NUT030,Mixed Nuts 30g,91,11,80,0.65,
BA107,NRT,2025-09-26,long-haul,Retail,317,SNK001,Snack Box Economy,79,19,60,2.1,
BA108,NRT,2025-09-26,long-haul,Pick & Pack,292,BRD001,Bread Roll Pack,195,45,150,0.35,
BA108,NRT,2025-09-26,long-haul,Pick & Pack,292,CHO050,Chocolate Bar 50g,157,44,113,0.8,
BA108,NRT,2025-09-26,long-haul,Pick & Pack,292,CRK075,Butter Cookies 75g,143,29,114,0.75,
BA108,NRT,2025-09-26,long-haul,Pick & Pack,292,DRK023,Sparkling Water 330ml,211,88,123,0.45,
BA108,NRT,2025-09-26,long-haul,Pick & Pack,292,DRK024,Still Water 500ml,268,52,216,0.5,
BA108,NRT,2025-09-26,long-haul,Pick & Pack,292,JCE200,Juice 200ml,254,97,157,0.55,
BA108,NRT,2025-09-26,long-haul,Pick & Pack,292,NUT030,Mixed Nuts 30g,138,68,70,0.65,
AM101,ZRH,2025-09-26,short-haul,Pick & Pack,133,BRD001,Bread Roll Pack,91,18,73,0.35,
AM101,ZRH,2025-09-26,short-haul,Pick & Pack,133,CRK075,Butter Cookies 75g,60,18,42,0.75,
AM101,ZRH,2025-09-26,short-haul,Pick & Pack,133,DRK023,Sparkling Water 330ml,106,47,59,0.45,
AM101,ZRH,2025-09-26,short-haul,Pick & Pack,133,DRK024,Still Water 500ml,106,15,91,0.5,
AM101,ZRH,2025-09-26,short-haul,Pick & Pack,133,JCE200,Juice 200ml,108,19,89,0.55,
AM101,ZRH,2025-09-26,short-haul,Pick & Pack,133,SNK001,Snack Box Economy,72,33,39,2.1,drawer incomplete
LX102,ZRH,2025-09-26,short-haul,Pick & Pack,154,BRD001,Bread Roll Pack,92,23,69,0.35,
LX102,ZRH,2025-09-26,short-haul,Pick & Pack,154,COF200,Instant Coffee Stick,71,13,58,0.08,
LX102,ZRH,2025-09-26,short-haul,Pick & Pack,154,DRK023,Sparkling Water 330ml,120,33,87,0.45,
LX102,ZRH,2025-09-26,short-haul,Pick & Pack,154,HTB110,Herbal Tea Bag,71,34,37,0.06,drawer incomplete
LX102,ZRH,2025-09-26,short-haul,Pick & Pack,154,JCE200,Juice 200ml,135,65,70,0.55,
LX102,ZRH,2025-09-26,short-haul,Pick & Pack,154,NUT030,Mixed Nuts 30g,79,22,57,0.65,
LX102,ZRH,2025-09-26,short-haul,Pick & Pack,154,SNK001,Snack Box Economy,102,39,63,2.1,
BA121,DOH,2025-09-27,medium-haul,Retail,243,BRD001,Bread Roll Pack,67,13,54,0.35,
BA121,DOH,2025-09-27,medium-haul,Retail,243,COF200,Instant Coffee Stick,81,8,73,0.08,
BA121,DOH,2025-09-27,medium-haul,Retail,243,CRK075,Butter Cookies 75g,69,14,55,0.75,
BA121,DOH,2025-09-27,medium-haul,Retail,243,DRK023,Sparkling Water 330ml,88,22,66,0.45,
BA121,DOH,2025-09-27,medium-haul,Retail,243,DRK024,Still Water 500ml,106,7,99,0.5,
BA121,DOH,2025-09-27,medium-haul,Retail,243,HTB110,Herbal Tea Bag,84,20,64,0.06,
QR122,DOH,2025-09-27,medium-haul,Retail,247,BRD001,Bread Roll Pack,63,12,51,0.35,
QR122,DOH,2025-09-27,medium-haul,Retail,247,COF200,Instant Coffee Stick,81,19,62,0.08,
QR122,DOH,2025-09-27,medium-haul,Retail,247,DRK024,Still Water 500ml,106,6,100,0.5,ran out early
QR122,DOH,2025-09-27,medium-haul,Retail,247,HTB110,Herbal Tea Bag,85,7,78,0.06,
QR122,DOH,2025-09-27,medium-haul,Retail,247,JCE200,Juice 200ml,110,21,89,0.55,
QR122,DOH,2025-09-27,medium-haul,Retail,247,NUT030,Mixed Nuts 30g,80,5,75,0.65,
LX117,JFK,2025-09-27,long-haul,Pick & Pack,317,CHO050,Chocolate Bar 50g,151,32,119,0.8,
LX117,JFK,2025-09-27,long-haul,Pick & Pack,317,CRK075,Butter Cookies 75g,177,58,119,0.75,
LX117,JFK,2025-09-27,long-haul,Pick & Pack,317,DRK024,Still Water 500ml,266,76,190,0.5,
LX117,JFK,2025-09-27,long-haul,Pick & Pack,317,HTB110,Herbal Tea Bag,144,43,101,0.06,
LX117,JFK,2025-09-27,long-haul,Pick & Pack,317,NUT030,Mixed Nuts 30g,168,74,94,0.65,
LX117,JFK,2025-09-27,long-haul,Pick & Pack,317,SNK001,Snack Box Economy,186,84,102,2.1,low demand
LX118,JFK,2025-09-27,long-haul,Pick & Pack,314,BRD001,Bread Roll Pack,199,46,153,0.35,
LX118,JFK,2025-09-27,long-haul,Pick & Pack,314,CHO050,Chocolate Bar 50g,155,48,107,0.8,
LX118,JFK,2025-09-27,long-haul,Pick & Pack,314,COF200,Instant Coffee Stick,153,50,103,0.08,
LX118,JFK,2025-09-27,long-haul,Pick & Pack,314,JCE200,Juice 200ml,255,111,144,0.55,low demand
LX118,JFK,2025-09-27,long-haul,Pick & Pack,314,NUT030,Mixed Nuts 30g,157,51,106,0.65,
NH116,LHR,2025-09-27,short-haul,Pick & Pack,150,BRD001,Bread Roll Pack,93,18,75,0.35,
NH116,LHR,2025-09-27,short-haul,Pick & Pack,150,CHO050,Chocolate Bar 50g,77,33,44,0.8,
NH116,LHR,2025-09-27,short-haul,Pick & Pack,150,HTB110,Herbal Tea Bag,83,23,60,0.06,drawer incomplete
NH116,LHR,2025-09-27,short-haul,Pick & Pack,150,NUT030,Mixed Nuts 30g,70,9,61,0.65,
QR115,LHR,2025-09-27,short-haul,Retail,157,CHO050,Chocolate Bar 50g,48,8,40,0.8,
QR115,LHR,2025-09-27,short-haul,Retail,157,COF200,Instant Coffee Stick,46,10,36,0.08,
QR115,LHR,2025-09-27,short-haul,Retail,157,DRK023,Sparkling Water 330ml,72,19,53,0.45,
QR115,LHR,2025-09-27,short-haul,Retail,157,DRK024,Still Water 500ml,71,4,67,0.5,
QR115,LHR,2025-09-27,short-haul,Retail,157,HTB110,Herbal Tea Bag,48,6,42,0.06,
LX124,MEX,2025-09-27,long-haul,Pick & Pack,316,BRD001,Bread Roll Pack,190,62,128,0.35,
LX124,MEX,2025-09-27,long-haul,Pick & Pack,316,CHO050,Chocolate Bar 50g,166,51,115,0.8,
LX124,MEX,2025-09-27,long-haul,Pick & Pack,316,COF200,Instant Coffee Stick,154,58,96,0.08,
LX124,MEX,2025-09-27,long-haul,Pick & Pack,316,DRK023,Sparkling Water 330ml,234,70,164,0.45,
LX124,MEX,2025-09-27,long-haul,Pick & Pack,316,DRK024,Still Water 500ml,263,99,164,0.5,
LX124,MEX,2025-09-27,long-haul,Pick & Pack,316,HTB110,Herbal Tea Bag,150,55,95,0.06,
LX124,MEX,2025-09-27,long-haul,Pick & Pack,316,NUT030,Mixed Nuts 30g,180,42,138,0.65,
QR123,MEX,2025-09-27,long-haul,Retail,328,CHO050,Chocolate Bar 50g,91,22,69,0.8,
QR123,MEX,2025-09-27,long-haul,Retail,328,COF200,Instant Coffee Stick,107,15,92,0.08,
QR123,MEX,2025-09-27,long-haul,Retail,328,HTB110,Herbal Tea Bag,98,17,81,0.06,
QR123,MEX,2025-09-27,long-haul,Retail,328,SNK001,Snack Box Economy,77,17,60,2.1,
BA120,NRT,2025-09-27,long-haul,Pick & Pack,336,BRD001,Bread Roll Pack,207,37,170,0.35,
BA120,NRT,2025-09-27,long-haul,Pick & Pack,336,COF200,Instant Coffee Stick,166,58,108,0.08,
BA120,NRT,2025-09-27,long-haul,Pick & Pack,336,HTB110,Herbal Tea Bag,183,45,138,0.06,
BA120,NRT,2025-09-27,long-haul,Pick & Pack,336,JCE200,Juice 200ml,302,104,198,0.55,
BA120,NRT,2025-09-27,long-haul,Pick & Pack,336,NUT030,Mixed Nuts 30g,165,33,132,0.65,
BA120,NRT,2025-09-27,long-haul,Pick & Pack,336,SNK001,Snack Box Economy,231,71,160,2.1,
LX119,NRT,2025-09-27,long-haul,Pick & Pack,311,BRD001,Bread Roll Pack,172,65,107,0.35,
LX119,NRT,2025-09-27,long-haul,Pick & Pack,311,CHO050,Chocolate Bar 50g,141,45,96,0.8,
LX119,NRT,2025-09-27,long-haul,Pick & Pack,311,COF200,Instant Coffee Stick,168,25,143,0.08,
LX119,NRT,2025-09-27,long-haul,Pick & Pack,311,CRK075,Butter Cookies 75g,144,45,99,0.75,
LX119,NRT,2025-09-27,long-haul,Pick & Pack,311,HTB110,Herbal Tea Bag,146,33,113,0.06,
LX119,NRT,2025-09-27,long-haul,Pick & Pack,311,NUT030,Mixed Nuts 30g,176,42,134,0.65,
LX119,NRT,2025-09-27,long-haul,Pick & Pack,311,SNK001,Snack Box Economy,210,38,172,2.1,
LX114,ZRH,2025-09-27,short-haul,Retail,145,CHO050,Chocolate Bar 50g,40,9,31,0.8,
LX114,ZRH,2025-09-27,short-haul,Retail,145,COF200,Instant Coffee Stick,44,9,35,0.08,
LX114,ZRH,2025-09-27,short-haul,Retail,145,DRK023,Sparkling Water 330ml,54,10,44,0.45,
LX114,ZRH,2025-09-27,short-haul,Retail,145,DRK024,Still Water 500ml,55,11,44,0.5,
LX114,ZRH,2025-09-27,short-haul,Retail,145,NUT030,Mixed Nuts 30g,39,5,34,0.65,
LX114,ZRH,2025-09-27,short-haul,Retail,145,SNK001,Snack Box Economy,41,5,36,2.1,
QR113,ZRH,2025-09-27,short-haul,Pick & Pack,141,BRD001,Bread Roll Pack,88,36,52,0.35,
QR113,ZRH,2025-09-27,short-haul,Pick & Pack,141,CHO050,Chocolate Bar 50g,70,26,44,0.8,
QR113,ZRH,2025-09-27,short-haul,Pick & Pack,141,COF200,Instant Coffee Stick,65,12,53,0.08,
QR113,ZRH,2025-09-27,short-haul,Pick & Pack,141,CRK075,Butter Cookies 75g,79,31,48,0.75,
QR113,ZRH,2025-09-27,short-haul,Pick & Pack,141,DRK023,Sparkling Water 330ml,129,50,79,0.45,
QR113,ZRH,2025-09-27,short-haul,Pick & Pack,141,NUT030,Mixed Nuts 30g,67,32,35,0.65,low demand
QR113,ZRH,2025-09-27,short-haul,Pick & Pack,141,SNK001,Snack Box Economy,81,29,52,2.1,
NH133,DOH,2025-09-28,medium-haul,Pick & Pack,249,CHO050,Chocolate Bar 50g,122,46,76,0.8,
NH133,DOH,2025-09-28,medium-haul,Pick & Pack,249,CRK075,Butter Cookies 75g,143,39,104,0.75,
NH133,DOH,2025-09-28,medium-haul,Pick & Pack,249,JCE200,Juice 200ml,223,78,145,0.55,
NH133,DOH,2025-09-28,medium-haul,Pick & Pack,249,NUT030,Mixed Nuts 30g,119,21,98,0.65,drawer incomplete
NH133,DOH,2025-09-28,medium-haul,Pick & Pack,249,SNK001,Snack Box Economy,152,57,95,2.1,
QR134,DOH,2025-09-28,medium-haul,Pick & Pack,252,CHO050,Chocolate Bar 50g,117,56,61,0.8,low demand
QR134,DOH,2025-09-28,medium-haul,Pick & Pack,252,DRK023,Sparkling Water 330ml,227,33,194,0.45,
QR134,DOH,2025-09-28,medium-haul,Pick & Pack,252,DRK024,Still Water 500ml,231,99,132,0.5,
QR134,DOH,2025-09-28,medium-haul,Pick & Pack,252,JCE200,Juice 200ml,196,85,111,0.55,
AM129,JFK,2025-09-28,long-haul,Pick & Pack,308,BRD001,Bread Roll Pack,200,32,168,0.35,
AM129,JFK,2025-09-28,long-haul,Pick & Pack,308,DRK024,Still Water 500ml,248,53,195,0.5,
AM129,JFK,2025-09-28,long-haul,Pick & Pack,308,HTB110,Herbal Tea Bag,158,26,132,0.06,
AM129,JFK,2025-09-28,long-haul,Pick & Pack,308,NUT030,Mixed Nuts 30g,165,66,99,0.65,
QR130,JFK,2025-09-28,long-haul,Retail,276,BRD001,Bread Roll Pack,77,11,66,0.35,
QR130,JFK,2025-09-28,long-haul,Retail,276,CRK075,Butter Cookies 75g,82,18,64,0.75,
QR130,JFK,2025-09-28,long-haul,Retail,276,DRK024,Still Water 500ml,125,25,100,0.5,
QR130,JFK,2025-09-28,long-haul,Retail,276,JCE200,Juice 200ml,121,8,113,0.55,
QR130,JFK,2025-09-28,long-haul,Retail,276,NUT030,Mixed Nuts 30g,83,18,65,0.65,
QR130,JFK,2025-09-28,long-haul,Retail,276,SNK001,Snack Box Economy,67,10,57,2.1,
AM127,LHR,2025-09-28,short-haul,Retail,141,CHO050,Chocolate Bar 50g,42,8,34,0.8,
AM127,LHR,2025-09-28,short-haul,Retail,141,COF200,Instant Coffee Stick,47,10,37,0.08,
AM127,LHR,2025-09-28,short-haul,Retail,141,HTB110,Herbal Tea Bag,42,4,38,0.06,
AM127,LHR,2025-09-28,short-haul,Retail,141,JCE200,Juice 200ml,61,15,46,0.55,
AM127,LHR,2025-09-28,short-haul,Retail,141,NUT030,Mixed Nuts 30g,41,4,37,0.65,
AM127,LHR,2025-09-28,short-haul,Retail,141,SNK001,Snack Box Economy,39,11,28,2.1,
AM128,LHR,2025-09-28,short-haul,Pick & Pack,146,CRK075,Butter Cookies 75g,77,21,56,0.75,
AM128,LHR,2025-09-28,short-haul,Pick & Pack,146,JCE200,Juice 200ml,106,40,66,0.55,
AM128,LHR,2025-09-28,short-haul,Pick & Pack,146,NUT030,Mixed Nuts 30g,80,15,65,0.65,
AM128,LHR,2025-09-28,short-haul,Pick & Pack,146,SNK001,Snack Box Economy,87,33,54,2.1,
AA135,MEX,2025-09-28,long-haul,Pick & Pack,306,CHO050,Chocolate Bar 50g,144,52,92,0.8,
AA135,MEX,2025-09-28,long-haul,Pick & Pack,306,HTB110,Herbal Tea Bag,146,33,113,0.06,
AA135,MEX,2025-09-28,long-haul,Pick & Pack,306,NUT030,Mixed Nuts 30g,144,42,102,0.65,
AA135,MEX,2025-09-28,long-haul,Pick & Pack,306,SNK001,Snack Box Economy,168,83,85,2.1,
LX136,MEX,2025-09-28,long-haul,Pick & Pack,293,BRD001,Bread Roll Pack,199,69,130,0.35,
LX136,MEX,2025-09-28,long-haul,Pick & Pack,293,CHO050,Chocolate Bar 50g,133,46,87,0.8,
LX136,MEX,2025-09-28,long-haul,Pick & Pack,293,CRK075,Butter Cookies 75g,132,41,91,0.75,
LX136,MEX,2025-09-28,long-haul,Pick & Pack,293,JCE200,Juice 200ml,267,55,212,0.55,
BA132,NRT,2025-09-28,long-haul,Pick & Pack,367,CHO050,Chocolate Bar 50g,208,104,104,0.8,
BA132,NRT,2025-09-28,long-haul,Pick & Pack,367,COF200,Instant Coffee Stick,207,35,172,0.08,
BA132,NRT,2025-09-28,long-haul,Pick & Pack,367,CRK075,Butter Cookies 75g,167,68,99,0.75,low demand
BA132,NRT,2025-09-28,long-haul,Pick & Pack,367,SNK001,Snack Box Economy,245,66,179,2.1,drawer incomplete
NH131,NRT,2025-09-28,long-haul,Pick & Pack,297,CRK075,Butter Cookies 75g,156,35,121,0.75,
NH131,NRT,2025-09-28,long-haul,Pick & Pack,297,DRK023,Sparkling Water 330ml,222,95,127,0.45,low demand
NH131,NRT,2025-09-28,long-haul,Pick & Pack,297,DRK024,Still Water 500ml,266,107,159,0.5,
NH131,NRT,2025-09-28,long-haul,Pick & Pack,297,HTB110,Herbal Tea Bag,143,62,81,0.06,
BA126,ZRH,2025-09-28,short-haul,Pick & Pack,135,BRD001,Bread Roll Pack,83,36,47,0.35,
BA126,ZRH,2025-09-28,short-haul,Pick & Pack,135,COF200,Instant Coffee Stick,69,22,47,0.08,
BA126,ZRH,2025-09-28,short-haul,Pick & Pack,135,DRK023,Sparkling Water 330ml,118,25,93,0.45,
BA126,ZRH,2025-09-28,short-haul,Pick & Pack,135,HTB110,Herbal Tea Bag,71,18,53,0.06,
BA126,ZRH,2025-09-28,short-haul,Pick & Pack,135,JCE200,Juice 200ml,108,33,75,0.55,
BA126,ZRH,2025-09-28,short-haul,Pick & Pack,135,NUT030,Mixed Nuts 30g,70,14,56,0.65,
BA126,ZRH,2025-09-28,short-haul,Pick & Pack,135,SNK001,Snack Box Economy,84,25,59,2.1,
QR125,ZRH,2025-09-28,short-haul,Retail,163,CRK075,Butter Cookies 75g,46,4,42,0.75,
QR125,ZRH,2025-09-28,short-haul,Retail,163,DRK023,Sparkling Water 330ml,73,17,56,0.45,
QR125,ZRH,2025-09-28,short-haul,Retail,163,DRK024,Still Water 500ml,72,8,64,0.5,
QR125,ZRH,2025-09-28,short-haul,Retail,163,JCE200,Juice 200ml,69,9,60,0.55,
QR125,ZRH,2025-09-28,short-haul,Retail,163,NUT030,Mixed Nuts 30g,45,3,42,0.65,
QR125,ZRH,2025-09-28,short-haul,Retail,163,SNK001,Snack Box Economy,45,7,38,2.1,
LX145,DOH,2025-09-29,medium-haul,Pick & Pack,276,BRD001,Bread Roll Pack,158,28,130,0.35,
LX145,DOH,2025-09-29,medium-haul,Pick & Pack,276,COF200,Instant Coffee Stick,128,24,104,0.08,
LX145,DOH,2025-09-29,medium-haul,Pick & Pack,276,DRK023,Sparkling Water 330ml,228,93,135,0.45,
LX145,DOH,2025-09-29,medium-haul,Pick & Pack,276,NUT030,Mixed Nuts 30g,143,38,105,0.65,
LX146,DOH,2025-09-29,medium-haul,Pick & Pack,225,CHO050,Chocolate Bar 50g,119,48,71,0.8,
LX146,DOH,2025-09-29,medium-haul,Pick & Pack,225,CRK075,Butter Cookies 75g,106,42,64,0.75,
LX146,DOH,2025-09-29,medium-haul,Pick & Pack,225,DRK023,Sparkling Water 330ml,188,34,154,0.45,
LX146,DOH,2025-09-29,medium-haul,Pick & Pack,225,DRK024,Still Water 500ml,193,60,133,0.5,
LX146,DOH,2025-09-29,medium-haul,Pick & Pack,225,JCE200,Juice 200ml,194,43,151,0.55,
LX146,DOH,2025-09-29,medium-haul,Pick & Pack,225,NUT030,Mixed Nuts 30g,104,36,68,0.65,
LX146,DOH,2025-09-29,medium-haul,Pick & Pack,225,SNK001,Snack Box Economy,144,24,120,2.1,
AA141,JFK,2025-09-29,long-haul,Pick & Pack,301,BRD001,Bread Roll Pack,199,38,161,0.35,
AA141,JFK,2025-09-29,long-haul,Pick & Pack,301,CHO050,Chocolate Bar 50g,159,49,110,0.8,
AA141,JFK,2025-09-29,long-haul,Pick & Pack,301,COF200,Instant Coffee Stick,150,29,121,0.08,
AA141,JFK,2025-09-29,long-haul,Pick & Pack,301,DRK024,Still Water 500ml,222,49,173,0.5,
AA141,JFK,2025-09-29,long-haul,Pick & Pack,301,JCE200,Juice 200ml,220,73,147,0.55,
BA142,JFK,2025-09-29,long-haul,Pick & Pack,311,CHO050,Chocolate Bar 50g,165,54,111,0.8,
BA142,JFK,2025-09-29,long-haul,Pick & Pack,311,COF200,Instant Coffee Stick,166,51,115,0.08,
BA142,JFK,2025-09-29,long-haul,Pick & Pack,311,CRK075,Butter Cookies 75g,148,62,86,0.75,low demand
BA142,JFK,2025-09-29,long-haul,Pick & Pack,311,DRK023,Sparkling Water 330ml,238,122,116,0.45,
BA142,JFK,2025-09-29,long-haul,Pick & Pack,311,SNK001,Snack Box Economy,171,34,137,2.1,
AA140,LHR,2025-09-29,short-haul,Pick & Pack,166,BRD001,Bread Roll Pack,94,31,63,0.35,
AA140,LHR,2025-09-29,short-haul,Pick & Pack,166,CHO050,Chocolate Bar 50g,79,19,60,0.8,
AA140,LHR,2025-09-29,short-haul,Pick & Pack,166,COF200,Instant Coffee Stick,88,38,50,0.08,
AA140,LHR,2025-09-29,short-haul,Pick & Pack,166,CRK075,Butter Cookies 75g,87,20,67,0.75,
AA140,LHR,2025-09-29,short-haul,Pick & Pack,166,JCE200,Juice 200ml,142,44,98,0.55,
AA140,LHR,2025-09-29,short-haul,Pick & Pack,166,SNK001,Snack Box Economy,100,40,60,2.1,
NH139,LHR,2025-09-29,short-haul,Retail,143,BRD001,Bread Roll Pack,34,2,32,0.35,
NH139,LHR,2025-09-29,short-haul,Retail,143,CHO050,Chocolate Bar 50g,44,10,34,0.8,
NH139,LHR,2025-09-29,short-haul,Retail,143,COF200,Instant Coffee Stick,43,4,39,0.08,
NH139,LHR,2025-09-29,short-haul,Retail,143,CRK075,Butter Cookies 75g,41,2,39,0.75,
NH139,LHR,2025-09-29,short-haul,Retail,143,HTB110,Herbal Tea Bag,49,4,45,0.06,
NH139,LHR,2025-09-29,short-haul,Retail,143,JCE200,Juice 200ml,66,10,56,0.55,
NH139,LHR,2025-09-29,short-haul,Retail,143,SNK001,Snack Box Economy,36,6,30,2.1,
LX148,MEX,2025-09-29,long-haul,Retail,281,CHO050,Chocolate Bar 50g,84,19,65,0.8,
LX148,MEX,2025-09-29,long-haul,Retail,281,COF200,Instant Coffee Stick,80,4,76,0.08,
LX148,MEX,2025-09-29,long-haul,Retail,281,CRK075,Butter Cookies 75g,89,17,72,0.75,
LX148,MEX,2025-09-29,long-haul,Retail,281,DRK023,Sparkling Water 330ml,108,12,96,0.45,
LX148,MEX,2025-09-29,long-haul,Retail,281,DRK024,Still Water 500ml,124,27,97,0.5,drawer incomplete
LX148,MEX,2025-09-29,long-haul,Retail,281,HTB110,Herbal Tea Bag,88,14,74,0.06,
LX148,MEX,2025-09-29,long-haul,Retail,281,SNK001,Snack Box Economy,64,7,57,2.1,
NH147,MEX,2025-09-29,long-haul,Pick & Pack,325,BRD001,Bread Roll Pack,215,41,174,0.35,drawer incomplete
NH147,MEX,2025-09-29,long-haul,Pick & Pack,325,DRK024,Still Water 500ml,298,90,208,0.5,
NH147,MEX,2025-09-29,long-haul,Pick & Pack,325,NUT030,Mixed Nuts 30g,173,73,100,0.65,
NH147,MEX,2025-09-29,long-haul,Pick & Pack,325,SNK001,Snack Box Economy,203,84,119,2.1,
AA144,NRT,2025-09-29,long-haul,Pick & Pack,268,BRD001,Bread Roll Pack,155,51,104,0.35,
AA144,NRT,2025-09-29,long-haul,Pick & Pack,268,DRK024,Still Water 500ml,225,43,182,0.5,
AA144,NRT,2025-09-29,long-haul,Pick & Pack,268,HTB110,Herbal Tea Bag,150,43,107,0.06,
AA144,NRT,2025-09-29,long-haul,Pick & Pack,268,JCE200,Juice 200ml,202,59,143,0.55,
AA144,NRT,2025-09-29,long-haul,Pick & Pack,268,SNK001,Snack Box Economy,150,65,85,2.1,low demand
BA143,NRT,2025-09-29,long-haul,Pick & Pack,303,CRK075,Butter Cookies 75g,145,54,91,0.75,
BA143,NRT,2025-09-29,long-haul,Pick & Pack,303,DRK023,Sparkling Water 330ml,266,106,160,0.45,
BA143,NRT,2025-09-29,long-haul,Pick & Pack,303,DRK024,Still Water 500ml,220,61,159,0.5,
BA143,NRT,2025-09-29,long-haul,Pick & Pack,303,NUT030,Mixed Nuts 30g,150,39,111,0.65,
BA143,NRT,2025-09-29,long-haul,Pick & Pack,303,SNK001,Snack Box Economy,187,59,128,2.1,
AM138,ZRH,2025-09-29,short-haul,Retail,165,CHO050,Chocolate Bar 50g,54,5,49,0.8,
AM138,ZRH,2025-09-29,short-haul,Retail,165,COF200,Instant Coffee Stick,47,10,37,0.08,
AM138,ZRH,2025-09-29,short-haul,Retail,165,CRK075,Butter Cookies 75g,46,4,42,0.75,
AM138,ZRH,2025-09-29,short-haul,Retail,165,DRK023,Sparkling Water 330ml,67,12,55,0.45,
AM138,ZRH,2025-09-29,short-haul,Retail,165,DRK024,Still Water 500ml,73,8,65,0.5,
AM138,ZRH,2025-09-29,short-haul,Retail,165,HTB110,Herbal Tea Bag,45,3,42,0.06,
BA137,ZRH,2025-09-29,short-haul,Retail,150,COF200,Instant Coffee Stick,50,5,45,0.08,drawer incomplete
BA137,ZRH,2025-09-29,short-haul,Retail,150,CRK075,Butter Cookies 75g,46,10,36,0.75,
BA137,ZRH,2025-09-29,short-haul,Retail,150,HTB110,Herbal Tea Bag,42,7,35,0.06,
BA137,ZRH,2025-09-29,short-haul,Retail,150,JCE200,Juice 200ml,62,12,50,0.55,
BA137,ZRH,2025-09-29,short-haul,Retail,150,NUT030,Mixed Nuts 30g,42,5,37,0.65,
BA137,ZRH,2025-09-29,short-haul,Retail,150,SNK001,Snack Box Economy,43,7,36,2.1,drawer incomplete
LX157,DOH,2025-09-30,medium-haul,Pick & Pack,254,CHO050,Chocolate Bar 50g,118,37,81,0.8,
LX157,DOH,2025-09-30,medium-haul,Pick & Pack,254,CRK075,Butter Cookies 75g,138,39,99,0.75,
LX157,DOH,2025-09-30,medium-haul,Pick & Pack,254,DRK024,Still Water 500ml,195,94,101,0.5,
LX157,DOH,2025-09-30,medium-haul,Pick & Pack,254,HTB110,Herbal Tea Bag,117,31,86,0.06,
LX157,DOH,2025-09-30,medium-haul,Pick & Pack,254,SNK001,Snack Box Economy,155,67,88,2.1,
NH158,DOH,2025-09-30,medium-haul,Retail,233,COF200,Instant Coffee Stick,64,11,53,0.08,
NH158,DOH,2025-09-30,medium-haul,Retail,233,CRK075,Butter Cookies 75g,74,5,69,0.75,
NH158,DOH,2025-09-30,medium-haul,Retail,233,DRK024,Still Water 500ml,99,20,79,0.5,
NH158,DOH,2025-09-30,medium-haul,Retail,233,JCE200,Juice 200ml,101,16,85,0.55,
AM154,JFK,2025-09-30,long-haul,Retail,274,BRD001,Bread Roll Pack,68,10,58,0.35,
AM154,JFK,2025-09-30,long-haul,Retail,274,COF200,Instant Coffee Stick,87,16,71,0.08,
AM154,JFK,2025-09-30,long-haul,Retail,274,CRK075,Butter Cookies 75g,77,8,69,0.75,
AM154,JFK,2025-09-30,long-haul,Retail,274,NUT030,Mixed Nuts 30g,77,16,61,0.65,
LX153,JFK,2025-09-30,long-haul,Pick & Pack,314,BRD001,Bread Roll Pack,175,36,139,0.35,
LX153,JFK,2025-09-30,long-haul,Pick & Pack,314,COF200,Instant Coffee Stick,165,45,120,0.08,
LX153,JFK,2025-09-30,long-haul,Pick & Pack,314,CRK075,Butter Cookies 75g,156,33,123,0.75,drawer incomplete
LX153,JFK,2025-09-30,long-haul,Pick & Pack,314,DRK023,Sparkling Water 330ml,272,96,176,0.45,
LX153,JFK,2025-09-30,long-haul,Pick & Pack,314,DRK024,Still Water 500ml,232,57,175,0.5,
AA152,LHR,2025-09-30,short-haul,Retail,121,BRD001,Bread Roll Pack,35,6,29,0.35,
AA152,LHR,2025-09-30,short-haul,Retail,121,CHO050,Chocolate Bar 50g,38,4,34,0.8,
AA152,LHR,2025-09-30,short-haul,Retail,121,CRK075,Butter Cookies 75g,37,2,35,0.75,
AA152,LHR,2025-09-30,short-haul,Retail,121,DRK024,Still Water 500ml,46,8,38,0.5,
QR151,LHR,2025-09-30,short-haul,Pick & Pack,187,BRD001,Bread Roll Pack,120,48,72,0.35,
QR151,LHR,2025-09-30,short-haul,Pick & Pack,187,CHO050,Chocolate Bar 50g,100,27,73,0.8,
QR151,LHR,2025-09-30,short-haul,Pick & Pack,187,CRK075,Butter Cookies 75g,98,34,64,0.75,
QR151,LHR,2025-09-30,short-haul,Pick & Pack,187,DRK023,Sparkling Water 330ml,138,52,86,0.45,
QR151,LHR,2025-09-30,short-haul,Pick & Pack,187,SNK001,Snack Box Economy,121,36,85,2.1,
LX159,MEX,2025-09-30,long-haul,Retail,276,BRD001,Bread Roll Pack,70,5,65,0.35,
LX159,MEX,2025-09-30,long-haul,Retail,276,CHO050,Chocolate Bar 50g,84,18,66,0.8,
LX159,MEX,2025-09-30,long-haul,Retail,276,COF200,Instant Coffee Stick,80,7,73,0.08,
LX159,MEX,2025-09-30,long-haul,Retail,276,CRK075,Butter Cookies 75g,86,16,70,0.75,
LX159,MEX,2025-09-30,long-haul,Retail,276,DRK023,Sparkling Water 330ml,106,27,79,0.45,drawer incomplete
LX159,MEX,2025-09-30,long-haul,Retail,276,SNK001,Snack Box Economy,64,11,53,2.1,
QR160,MEX,2025-09-30,long-haul,Pick & Pack,285,BRD001,Bread Roll Pack,160,64,96,0.35,
QR160,MEX,2025-09-30,long-haul,Pick & Pack,285,COF200,Instant Coffee Stick,144,54,90,0.08,
QR160,MEX,2025-09-30,long-haul,Pick & Pack,285,CRK075,Butter Cookies 75g,154,62,92,0.75,low demand
QR160,MEX,2025-09-30,long-haul,Pick & Pack,285,DRK024,Still Water 500ml,221,97,124,0.5,
QR160,MEX,2025-09-30,long-haul,Pick & Pack,285,HTB110,Herbal Tea Bag,137,51,86,0.06,
QR160,MEX,2025-09-30,long-haul,Pick & Pack,285,JCE200,Juice 200ml,261,97,164,0.55,
QR160,MEX,2025-09-30,long-haul,Pick & Pack,285,NUT030,Mixed Nuts 30g,133,31,102,0.65,
NH155,NRT,2025-09-30,long-haul,Retail,299,BRD001,Bread Roll Pack,80,6,74,0.35,
NH155,NRT,2025-09-30,long-haul,Retail,299,COF200,Instant Coffee Stick,99,13,86,0.08,
NH155,NRT,2025-09-30,long-haul,Retail,299,CRK075,Butter Cookies 75g,86,6,80,0.75,
NH155,NRT,2025-09-30,long-haul,Retail,299,DRK024,Still Water 500ml,117,18,99,0.5,
NH155,NRT,2025-09-30,long-haul,Retail,299,NUT030,Mixed Nuts 30g,94,25,69,0.65,
QR156,NRT,2025-09-30,long-haul,Pick & Pack,296,BRD001,Bread Roll Pack,195,40,155,0.35,
QR156,NRT,2025-09-30,long-haul,Pick & Pack,296,CHO050,Chocolate Bar 50g,160,60,100,0.8,
QR156,NRT,2025-09-30,long-haul,Pick & Pack,296,COF200,Instant Coffee Stick,141,30,111,0.08,
QR156,NRT,2025-09-30,long-haul,Pick & Pack,296,CRK075,Butter Cookies 75g,156,49,107,0.75,
QR156,NRT,2025-09-30,long-haul,Pick & Pack,296,HTB110,Herbal Tea Bag,144,36,108,0.06,
QR156,NRT,2025-09-30,long-haul,Pick & Pack,296,JCE200,Juice 200ml,234,72,162,0.55,
QR156,NRT,2025-09-30,long-haul,Pick & Pack,296,SNK001,Snack Box Economy,169,54,115,2.1,
AA149,ZRH,2025-09-30,short-haul,Pick & Pack,138,CHO050,Chocolate Bar 50g,65,21,44,0.8,
AA149,ZRH,2025-09-30,short-haul,Pick & Pack,138,DRK023,Sparkling Water 330ml,111,19,92,0.45,
AA149,ZRH,2025-09-30,short-haul,Pick & Pack,138,NUT030,Mixed Nuts 30g,72,19,53,0.65,
AA149,ZRH,2025-09-30,short-haul,Pick & Pack,138,SNK001,Snack Box Economy,81,29,52,2.1,
AA150,ZRH,2025-09-30,short-haul,Pick & Pack,145,DRK023,Sparkling Water 330ml,126,54,72,0.45,
AA150,ZRH,2025-09-30,short-haul,Pick & Pack,145,DRK024,Still Water 500ml,123,24,99,0.5,
AA150,ZRH,2025-09-30,short-haul,Pick & Pack,145,JCE200,Juice 200ml,127,37,90,0.55,
AA150,ZRH,2025-09-30,short-haul,Pick & Pack,145,SNK001,Snack Box Economy,82,20,62,2.1,
AM170,DOH,2025-10-01,medium-haul,Pick & Pack,266,COF200,Instant Coffee Stick,131,40,91,0.08,
AM170,DOH,2025-10-01,medium-haul,Pick & Pack,266,DRK023,Sparkling Water 330ml,209,65,144,0.45,
AM170,DOH,2025-10-01,medium-haul,Pick & Pack,266,JCE200,Juice 200ml,235,39,196,0.55,
AM170,DOH,2025-10-01,medium-haul,Pick & Pack,266,NUT030,Mixed Nuts 30g,152,46,106,0.65,
AM170,DOH,2025-10-01,medium-haul,Pick & Pack,266,SNK001,Snack Box Economy,168,47,121,2.1,
LX169,DOH,2025-10-01,medium-haul,Retail,264,CRK075,Butter Cookies 75g,78,12,66,0.75,
LX169,DOH,2025-10-01,medium-haul,Retail,264,DRK023,Sparkling Water 330ml,118,26,92,0.45,
LX169,DOH,2025-10-01,medium-haul,Retail,264,DRK024,Still Water 500ml,99,22,77,0.5,
LX169,DOH,2025-10-01,medium-haul,Retail,264,HTB110,Herbal Tea Bag,72,12,60,0.06,
LX169,DOH,2025-10-01,medium-haul,Retail,264,JCE200,Juice 200ml,119,8,111,0.55,
BA166,JFK,2025-10-01,long-haul,Pick & Pack,313,CRK075,Butter Cookies 75g,179,31,148,0.75,
BA166,JFK,2025-10-01,long-haul,Pick & Pack,313,DRK024,Still Water 500ml,287,61,226,0.5,
BA166,JFK,2025-10-01,long-haul,Pick & Pack,313,HTB110,Herbal Tea Bag,157,29,128,0.06,
BA166,JFK,2025-10-01,long-haul,Pick & Pack,313,NUT030,Mixed Nuts 30g,172,56,116,0.65,
BA166,JFK,2025-10-01,long-haul,Pick & Pack,313,SNK001,Snack Box Economy,178,42,136,2.1,
QR165,JFK,2025-10-01,long-haul,Pick & Pack,318,BRD001,Bread Roll Pack,178,71,107,0.35,
QR165,JFK,2025-10-01,long-haul,Pick & Pack,318,COF200,Instant Coffee Stick,165,40,125,0.08,
QR165,JFK,2025-10-01,long-haul,Pick & Pack,318,DRK023,Sparkling Water 330ml,234,55,179,0.45,
QR165,JFK,2025-10-01,long-haul,Pick & Pack,318,JCE200,Juice 200ml,239,84,155,0.55,
QR165,JFK,2025-10-01,long-haul,Pick & Pack,318,SNK001,Snack Box Economy,189,58,131,2.1,
AA164,LHR,2025-10-01,short-haul,Pick & Pack,173,BRD001,Bread Roll Pack,113,23,90,0.35,
AA164,LHR,2025-10-01,short-haul,Pick & Pack,173,DRK023,Sparkling Water 330ml,150,44,106,0.45,
AA164,LHR,2025-10-01,short-haul,Pick & Pack,173,HTB110,Herbal Tea Bag,87,40,47,0.06,low demand
AA164,LHR,2025-10-01,short-haul,Pick & Pack,173,JCE200,Juice 200ml,140,37,103,0.55,
QR163,LHR,2025-10-01,short-haul,Pick & Pack,174,BRD001,Bread Roll Pack,104,34,70,0.35,
QR163,LHR,2025-10-01,short-haul,Pick & Pack,174,CHO050,Chocolate Bar 50g,82,20,62,0.8,
QR163,LHR,2025-10-01,short-haul,Pick & Pack,174,COF200,Instant Coffee Stick,95,17,78,0.08,
QR163,LHR,2025-10-01,short-haul,Pick & Pack,174,CRK075,Butter Cookies 75g,86,18,68,0.75,drawer incomplete
QR163,LHR,2025-10-01,short-haul,Pick & Pack,174,DRK023,Sparkling Water 330ml,133,47,86,0.45,
QR163,LHR,2025-10-01,short-haul,Pick & Pack,174,HTB110,Herbal Tea Bag,99,33,66,0.06,
QR163,LHR,2025-10-01,short-haul,Pick & Pack,174,JCE200,Juice 200ml,150,58,92,0.55,
AA172,MEX,2025-10-01,long-haul,Pick & Pack,298,BRD001,Bread Roll Pack,182,45,137,0.35,
AA172,MEX,2025-10-01,long-haul,Pick & Pack,298,CHO050,Chocolate Bar 50g,154,25,129,0.8,drawer incomplete
AA172,MEX,2025-10-01,long-haul,Pick & Pack,298,CRK075,Butter Cookies 75g,141,23,118,0.75,
AA172,MEX,2025-10-01,long-haul,Pick & Pack,298,DRK023,Sparkling Water 330ml,231,84,147,0.45,
AA172,MEX,2025-10-01,long-haul,Pick & Pack,298,DRK024,Still Water 500ml,232,75,157,0.5,
AA172,MEX,2025-10-01,long-haul,Pick & Pack,298,SNK001,Snack Box Economy,199,72,127,2.1,
BA171,MEX,2025-10-01,long-haul,Pick & Pack,324,BRD001,Bread Roll Pack,194,36,158,0.35,
BA171,MEX,2025-10-01,long-haul,Pick & Pack,324,CHO050,Chocolate Bar 50g,162,69,93,0.8,low demand
BA171,MEX,2025-10-01,long-haul,Pick & Pack,324,COF200,Instant Coffee Stick,165,25,140,0.08,drawer incomplete
BA171,MEX,2025-10-01,long-haul,Pick & Pack,324,CRK075,Butter Cookies 75g,185,37,148,0.75,
BA171,MEX,2025-10-01,long-haul,Pick & Pack,324,JCE200,Juice 200ml,237,104,133,0.55,drawer incomplete
BA171,MEX,2025-10-01,long-haul,Pick & Pack,324,NUT030,Mixed Nuts 30g,153,39,114,0.65,
AM167,NRT,2025-10-01,long-haul,Pick & Pack,282,COF200,Instant Coffee Stick,143,69,74,0.08,low demand
AM167,NRT,2025-10-01,long-haul,Pick & Pack,282,CRK075,Butter Cookies 75g,134,62,72,0.75,
AM167,NRT,2025-10-01,long-haul,Pick & Pack,282,HTB110,Herbal Tea Bag,129,45,84,0.06,
AM167,NRT,2025-10-01,long-haul,Pick & Pack,282,NUT030,Mixed Nuts 30g,133,36,97,0.65,
AM167,NRT,2025-10-01,long-haul,Pick & Pack,282,SNK001,Snack Box Economy,155,51,104,2.1,
LX168,NRT,2025-10-01,long-haul,Pick & Pack,304,BRD001,Bread Roll Pack,203,80,123,0.35,
LX168,NRT,2025-10-01,long-haul,Pick & Pack,304,CHO050,Chocolate Bar 50g,143,56,87,0.8,
LX168,NRT,2025-10-01,long-haul,Pick & Pack,304,COF200,Instant Coffee Stick,148,59,89,0.08,
LX168,NRT,2025-10-01,long-haul,Pick & Pack,304,CRK075,Butter Cookies 75g,162,31,131,0.75,
LX168,NRT,2025-10-01,long-haul,Pick & Pack,304,DRK023,Sparkling Water 330ml,267,81,186,0.45,
LX168,NRT,2025-10-01,long-haul,Pick & Pack,304,JCE200,Juice 200ml,227,43,184,0.55,
LX168,NRT,2025-10-01,long-haul,Pick & Pack,304,NUT030,Mixed Nuts 30g,166,66,100,0.65,
AA161,ZRH,2025-10-01,short-haul,Pick & Pack,157,BRD001,Bread Roll Pack,90,30,60,0.35,
AA161,ZRH,2025-10-01,short-haul,Pick & Pack,157,CRK075,Butter Cookies 75g,71,23,48,0.75,
AA161,ZRH,2025-10-01,short-haul,Pick & Pack,157,DRK023,Sparkling Water 330ml,128,18,110,0.45,
AA161,ZRH,2025-10-01,short-haul,Pick & Pack,157,HTB110,Herbal Tea Bag,88,32,56,0.06,
AA161,ZRH,2025-10-01,short-haul,Pick & Pack,157,JCE200,Juice 200ml,144,25,119,0.55,
AA161,ZRH,2025-10-01,short-haul,Pick & Pack,157,NUT030,Mixed Nuts 30g,74,21,53,0.65,
AM162,ZRH,2025-10-01,short-haul,Retail,160,BRD001,Bread Roll Pack,37,6,31,0.35,
AM162,ZRH,2025-10-01,short-haul,Retail,160,CHO050,Chocolate Bar 50g,48,9,39,0.8,
AM162,ZRH,2025-10-01,short-haul,Retail,160,CRK075,Butter Cookies 75g,44,4,40,0.75,
AM162,ZRH,2025-10-01,short-haul,Retail,160,DRK023,Sparkling Water 330ml,58,4,54,0.45,
AM162,ZRH,2025-10-01,short-haul,Retail,160,SNK001,Snack Box Economy,40,9,31,2.1,
AA182,DOH,2025-10-02,medium-haul,Pick & Pack,301,BRD001,Bread Roll Pack,163,67,96,0.35,
AA182,DOH,2025-10-02,medium-haul,Pick & Pack,301,CHO050,Chocolate Bar 50g,138,37,101,0.8,
AA182,DOH,2025-10-02,medium-haul,Pick & Pack,301,HTB110,Herbal Tea Bag,173,67,106,0.06,
AA182,DOH,2025-10-02,medium-haul,Pick & Pack,301,JCE200,Juice 200ml,268,78,190,0.55,
AA182,DOH,2025-10-02,medium-haul,Pick & Pack,301,NUT030,Mixed Nuts 30g,164,65,99,0.65,
BA181,DOH,2025-10-02,medium-haul,Retail,258,CHO050,Chocolate Bar 50g,74,6,68,0.8,
BA181,DOH,2025-10-02,medium-haul,Retail,258,COF200,Instant Coffee Stick,86,17,69,0.08,
BA181,DOH,2025-10-02,medium-haul,Retail,258,DRK023,Sparkling Water 330ml,108,28,80,0.45,
BA181,DOH,2025-10-02,medium-haul,Retail,258,JCE200,Juice 200ml,114,24,90,0.55,
BA181,DOH,2025-10-02,medium-haul,Retail,258,NUT030,Mixed Nuts 30g,78,12,66,0.65,
BA181,DOH,2025-10-02,medium-haul,Retail,258,SNK001,Snack Box Economy,58,9,49,2.1,
AA177,JFK,2025-10-02,long-haul,Pick & Pack,294,COF200,Instant Coffee Stick,142,37,105,0.08,
AA177,JFK,2025-10-02,long-haul,Pick & Pack,294,HTB110,Herbal Tea Bag,143,43,100,0.06,
AA177,JFK,2025-10-02,long-haul,Pick & Pack,294,JCE200,Juice 200ml,219,66,153,0.55,
AA177,JFK,2025-10-02,long-haul,Pick & Pack,294,NUT030,Mixed Nuts 30g,156,67,89,0.65,
AA177,JFK,2025-10-02,long-haul,Pick & Pack,294,SNK001,Snack Box Economy,194,85,109,2.1,
NH178,JFK,2025-10-02,long-haul,Retail,319,CHO050,Chocolate Bar 50g,94,18,76,0.8,
NH178,JFK,2025-10-02,long-haul,Retail,319,COF200,Instant Coffee Stick,90,11,79,0.08,
NH178,JFK,2025-10-02,long-haul,Retail,319,DRK023,Sparkling Water 330ml,126,9,117,0.45,
NH178,JFK,2025-10-02,long-haul,Retail,319,DRK024,Still Water 500ml,135,14,121,0.5,
NH178,JFK,2025-10-02,long-haul,Retail,319,HTB110,Herbal Tea Bag,109,12,97,0.06,drawer incomplete
NH178,JFK,2025-10-02,long-haul,Retail,319,NUT030,Mixed Nuts 30g,89,11,78,0.65,
NH178,JFK,2025-10-02,long-haul,Retail,319,SNK001,Snack Box Economy,76,19,57,2.1,
LX175,LHR,2025-10-02,short-haul,Pick & Pack,138,CRK075,Butter Cookies 75g,79,27,52,0.75,
LX175,LHR,2025-10-02,short-haul,Pick & Pack,138,DRK023,Sparkling Water 330ml,110,30,80,0.45,
LX175,LHR,2025-10-02,short-haul,Pick & Pack,138,HTB110,Herbal Tea Bag,74,29,45,0.06,
LX175,LHR,2025-10-02,short-haul,Pick & Pack,138,JCE200,Juice 200ml,119,37,82,0.55,
NH176,LHR,2025-10-02,short-haul,Retail,147,CHO050,Chocolate Bar 50g,47,8,39,0.8,
NH176,LHR,2025-10-02,short-haul,Retail,147,COF200,Instant Coffee Stick,40,8,32,0.08,
NH176,LHR,2025-10-02,short-haul,Retail,147,DRK024,Still Water 500ml,60,7,53,0.5,
NH176,LHR,2025-10-02,short-haul,Retail,147,JCE200,Juice 200ml,64,4,60,0.55,
AA183,MEX,2025-10-02,long-haul,Retail,312,CHO050,Chocolate Bar 50g,98,22,76,0.8,
AA183,MEX,2025-10-02,long-haul,Retail,312,COF200,Instant Coffee Stick,90,12,78,0.08,
AA183,MEX,2025-10-02,long-haul,Retail,312,HTB110,Herbal Tea Bag,100,10,90,0.06,
AA183,MEX,2025-10-02,long-haul,Retail,312,NUT030,Mixed Nuts 30g,91,7,84,0.65,drawer incomplete
BA184,MEX,2025-10-02,long-haul,Retail,306,BRD001,Bread Roll Pack,77,13,64,0.35,
BA184,MEX,2025-10-02,long-haul,Retail,306,CRK075,Butter Cookies 75g,90,5,85,0.75,ran out early
BA184,MEX,2025-10-02,long-haul,Retail,306,DRK023,Sparkling Water 330ml,131,14,117,0.45,
BA184,MEX,2025-10-02,long-haul,Retail,306,HTB110,Herbal Tea Bag,101,16,85,0.06,
BA184,MEX,2025-10-02,long-haul,Retail,306,JCE200,Juice 200ml,134,14,120,0.55,
BA184,MEX,2025-10-02,long-haul,Retail,306,NUT030,Mixed Nuts 30g,86,13,73,0.65,
AA180,NRT,2025-10-02,long-haul,Retail,349,BRD001,Bread Roll Pack,94,8,86,0.35,
AA180,NRT,2025-10-02,long-haul,Retail,349,CHO050,Chocolate Bar 50g,118,9,109,0.8,
AA180,NRT,2025-10-02,long-haul,Retail,349,COF200,Instant Coffee Stick,103,13,90,0.08,
AA180,NRT,2025-10-02,long-haul,Retail,349,CRK075,Butter Cookies 75g,102,13,89,0.75,
AA180,NRT,2025-10-02,long-haul,Retail,349,DRK023,Sparkling Water 330ml,154,15,139,0.45,
AA180,NRT,2025-10-02,long-haul,Retail,349,JCE200,Juice 200ml,145,9,136,0.55,
AA180,NRT,2025-10-02,long-haul,Retail,349,SNK001,Snack Box Economy,79,22,57,2.1,
AM179,NRT,2025-10-02,long-haul,Pick & Pack,303,CHO050,Chocolate Bar 50g,146,26,120,0.8,
AM179,NRT,2025-10-02,long-haul,Pick & Pack,303,CRK075,Butter Cookies 75g,170,62,108,0.75,
AM179,NRT,2025-10-02,long-haul,Pick & Pack,303,DRK024,Still Water 500ml,236,100,136,0.5,
AM179,NRT,2025-10-02,long-haul,Pick & Pack,303,HTB110,Herbal Tea Bag,165,65,100,0.06,
AM179,NRT,2025-10-02,long-haul,Pick & Pack,303,SNK001,Snack Box Economy,188,37,151,2.1,
BA174,ZRH,2025-10-02,short-haul,Pick & Pack,167,CHO050,Chocolate Bar 50g,79,21,58,0.8,drawer incomplete
BA174,ZRH,2025-10-02,short-haul,Pick & Pack,167,COF200,Instant Coffee Stick,92,30,62,0.08,
BA174,ZRH,2025-10-02,short-haul,Pick & Pack,167,DRK023,Sparkling Water 330ml,136,29,107,0.45,
BA174,ZRH,2025-10-02,short-haul,Pick & Pack,167,DRK024,Still Water 500ml,128,18,110,0.5,
BA174,ZRH,2025-10-02,short-haul,Pick & Pack,167,JCE200,Juice 200ml,145,46,99,0.55,
BA174,ZRH,2025-10-02,short-haul,Pick & Pack,167,NUT030,Mixed Nuts 30g,78,21,57,0.65,
BA174,ZRH,2025-10-02,short-haul,Pick & Pack,167,SNK001,Snack Box Economy,97,25,72,2.1,
LX173,ZRH,2025-10-02,short-haul,Retail,151,CHO050,Chocolate Bar 50g,41,7,34,0.8,
LX173,ZRH,2025-10-02,short-haul,Retail,151,CRK075,Butter Cookies 75g,52,8,44,0.75,
LX173,ZRH,2025-10-02,short-haul,Retail,151,DRK023,Sparkling Water 330ml,55,11,44,0.45,
LX173,ZRH,2025-10-02,short-haul,Retail,151,NUT030,Mixed Nuts 30g,46,3,43,0.65,ran out early
BA193,DOH,2025-10-03,medium-haul,Retail,260,CRK075,Butter Cookies 75g,73,17,56,0.75,
BA193,DOH,2025-10-03,medium-haul,Retail,260,DRK023,Sparkling Water 330ml,94,21,73,0.45,
BA193,DOH,2025-10-03,medium-haul,Retail,260,DRK024,Still Water 500ml,105,5,100,0.5,drawer incomplete
BA193,DOH,2025-10-03,medium-haul,Retail,260,HTB110,Herbal Tea Bag,83,18,65,0.06,
BA193,DOH,2025-10-03,medium-haul,Retail,260,JCE200,Juice 200ml,104,14,90,0.55,
BA193,DOH,2025-10-03,medium-haul,Retail,260,SNK001,Snack Box Economy,62,6,56,2.1,
QR194,DOH,2025-10-03,medium-haul,Retail,277,BRD001,Bread Roll Pack,73,12,61,0.35,
QR194,DOH,2025-10-03,medium-haul,Retail,277,CRK075,Butter Cookies 75g,90,8,82,0.75,
QR194,DOH,2025-10-03,medium-haul,Retail,277,DRK023,Sparkling Water 330ml,126,7,119,0.45,
QR194,DOH,2025-10-03,medium-haul,Retail,277,HTB110,Herbal Tea Bag,92,24,68,0.06,
QR194,DOH,2025-10-03,medium-haul,Retail,277,SNK001,Snack Box Economy,75,13,62,2.1,
AM189,JFK,2025-10-03,long-haul,Pick & Pack,318,CHO050,Chocolate Bar 50g,170,27,143,0.8,
AM189,JFK,2025-10-03,long-haul,Pick & Pack,318,CRK075,Butter Cookies 75g,177,86,91,0.75,
AM189,JFK,2025-10-03,long-haul,Pick & Pack,318,DRK024,Still Water 500ml,258,79,179,0.5,
AM189,JFK,2025-10-03,long-haul,Pick & Pack,318,JCE200,Juice 200ml,240,62,178,0.55,
AM189,JFK,2025-10-03,long-haul,Pick & Pack,318,NUT030,Mixed Nuts 30g,148,65,83,0.65,low demand
LX190,JFK,2025-10-03,long-haul,Pick & Pack,325,CHO050,Chocolate Bar 50g,153,48,105,0.8,
LX190,JFK,2025-10-03,long-haul,Pick & Pack,325,COF200,Instant Coffee Stick,186,42,144,0.08,
LX190,JFK,2025-10-03,long-haul,Pick & Pack,325,CRK075,Butter Cookies 75g,164,47,117,0.75,
LX190,JFK,2025-10-03,long-haul,Pick & Pack,325,DRK023,Sparkling Water 330ml,284,73,211,0.45,drawer incomplete
LX190,JFK,2025-10-03,long-haul,Pick & Pack,325,JCE200,Juice 200ml,257,101,156,0.55,
LX190,JFK,2025-10-03,long-haul,Pick & Pack,325,NUT030,Mixed Nuts 30g,185,82,103,0.65,
LX190,JFK,2025-10-03,long-haul,Pick & Pack,325,SNK001,Snack Box Economy,207,65,142,2.1,
AM187,LHR,2025-10-03,short-haul,Retail,152,BRD001,Bread Roll Pack,37,3,34,0.35,
AM187,LHR,2025-10-03,short-haul,Retail,152,CHO050,Chocolate Bar 50g,48,3,45,0.8,
AM187,LHR,2025-10-03,short-haul,Retail,152,COF200,Instant Coffee Stick,51,3,48,0.08,
AM187,LHR,2025-10-03,short-haul,Retail,152,DRK023,Sparkling Water 330ml,61,7,54,0.45,
AM187,LHR,2025-10-03,short-haul,Retail,152,HTB110,Herbal Tea Bag,44,8,36,0.06,
AM187,LHR,2025-10-03,short-haul,Retail,152,SNK001,Snack Box Economy,40,7,33,2.1,
AM188,LHR,2025-10-03,short-haul,Pick & Pack,151,CHO050,Chocolate Bar 50g,77,15,62,0.8,
AM188,LHR,2025-10-03,short-haul,Pick & Pack,151,COF200,Instant Coffee Stick,73,21,52,0.08,
AM188,LHR,2025-10-03,short-haul,Pick & Pack,151,CRK075,Butter Cookies 75g,83,27,56,0.75,
AM188,LHR,2025-10-03,short-haul,Pick & Pack,151,DRK023,Sparkling Water 330ml,116,26,90,0.45,
AM188,LHR,2025-10-03,short-haul,Pick & Pack,151,DRK024,Still Water 500ml,128,50,78,0.5,
AM188,LHR,2025-10-03,short-haul,Pick & Pack,151,HTB110,Herbal Tea Bag,75,15,60,0.06,
AM188,LHR,2025-10-03,short-haul,Pick & Pack,151,JCE200,Juice 200ml,132,60,72,0.55,
AM195,MEX,2025-10-03,long-haul,Pick & Pack,325,BRD001,Bread Roll Pack,185,45,140,0.35,
AM195,MEX,2025-10-03,long-haul,Pick & Pack,325,COF200,Instant Coffee Stick,176,67,109,0.08,
AM195,MEX,2025-10-03,long-haul,Pick & Pack,325,CRK075,Butter Cookies 75g,185,53,132,0.75,
AM195,MEX,2025-10-03,long-haul,Pick & Pack,325,DRK024,Still Water 500ml,289,47,242,0.5,
AM195,MEX,2025-10-03,long-haul,Pick & Pack,325,HTB110,Herbal Tea Bag,181,70,111,0.06,
AM195,MEX,2025-10-03,long-haul,Pick & Pack,325,JCE200,Juice 200ml,262,61,201,0.55,
AM195,MEX,2025-10-03,long-haul,Pick & Pack,325,SNK001,Snack Box Economy,214,77,137,2.1,drawer incomplete
BA196,MEX,2025-10-03,long-haul,Pick & Pack,305,CRK075,Butter Cookies 75g,142,52,90,0.75,
BA196,MEX,2025-10-03,long-haul,Pick & Pack,305,DRK023,Sparkling Water 330ml,237,103,134,0.45,
BA196,MEX,2025-10-03,long-haul,Pick & Pack,305,HTB110,Herbal Tea Bag,161,57,104,0.06,
BA196,MEX,2025-10-03,long-haul,Pick & Pack,305,NUT030,Mixed Nuts 30g,144,57,87,0.65,
AM192,NRT,2025-10-03,long-haul,Retail,298,BRD001,Bread Roll Pack,72,10,62,0.35,
AM192,NRT,2025-10-03,long-haul,Retail,298,CRK075,Butter Cookies 75g,88,18,70,0.75,
AM192,NRT,2025-10-03,long-haul,Retail,298,DRK023,Sparkling Water 330ml,122,11,111,0.45,
AM192,NRT,2025-10-03,long-haul,Retail,298,SNK001,Snack Box Economy,84,12,72,2.1,
QR191,NRT,2025-10-03,long-haul,Retail,332,BRD001,Bread Roll Pack,95,6,89,0.35,
QR191,NRT,2025-10-03,long-haul,Retail,332,CHO050,Chocolate Bar 50g,104,13,91,0.8,
QR191,NRT,2025-10-03,long-haul,Retail,332,DRK023,Sparkling Water 330ml,123,13,110,0.45,
QR191,NRT,2025-10-03,long-haul,Retail,332,HTB110,Herbal Tea Bag,104,14,90,0.06,
QR191,NRT,2025-10-03,long-haul,Retail,332,JCE200,Juice 200ml,126,26,100,0.55,
QR191,NRT,2025-10-03,long-haul,Retail,332,NUT030,Mixed Nuts 30g,99,22,77,0.65,
QR191,NRT,2025-10-03,long-haul,Retail,332,SNK001,Snack Box Economy,79,4,75,2.1,ran out early
AA186,ZRH,2025-10-03,short-haul,Pick & Pack,166,BRD001,Bread Roll Pack,91,32,59,0.35,
AA186,ZRH,2025-10-03,short-haul,Pick & Pack,166,CHO050,Chocolate Bar 50g,90,26,64,0.8,
AA186,ZRH,2025-10-03,short-haul,Pick & Pack,166,COF200,Instant Coffee Stick,93,19,74,0.08,
AA186,ZRH,2025-10-03,short-haul,Pick & Pack,166,CRK075,Butter Cookies 75g,76,13,63,0.75,
AA186,ZRH,2025-10-03,short-haul,Pick & Pack,166,DRK023,Sparkling Water 330ml,145,40,105,0.45,
AA186,ZRH,2025-10-03,short-haul,Pick & Pack,166,HTB110,Herbal Tea Bag,94,19,75,0.06,
AA186,ZRH,2025-10-03,short-haul,Pick & Pack,166,SNK001,Snack Box Economy,106,44,62,2.1,low demand
AM185,ZRH,2025-10-03,short-haul,Pick & Pack,137,BRD001,Bread Roll Pack,87,34,53,0.35,
AM185,ZRH,2025-10-03,short-haul,Pick & Pack,137,COF200,Instant Coffee Stick,78,21,57,0.08,
AM185,ZRH,2025-10-03,short-haul,Pick & Pack,137,CRK075,Butter Cookies 75g,73,12,61,0.75,
AM185,ZRH,2025-10-03,short-haul,Pick & Pack,137,DRK023,Sparkling Water 330ml,123,24,99,0.45,
AM185,ZRH,2025-10-03,short-haul,Pick & Pack,137,HTB110,Herbal Tea Bag,78,33,45,0.06,low demand
AM185,ZRH,2025-10-03,short-haul,Pick & Pack,137,NUT030,Mixed Nuts 30g,73,29,44,0.65,
AA206,DOH,2025-10-04,medium-haul,Pick & Pack,294,BRD001,Bread Roll Pack,162,42,120,0.35,
AA206,DOH,2025-10-04,medium-haul,Pick & Pack,294,CHO050,Chocolate Bar 50g,139,63,76,0.8,
AA206,DOH,2025-10-04,medium-haul,Pick & Pack,294,COF200,Instant Coffee Stick,147,64,83,0.08,low demand
AA206,DOH,2025-10-04,medium-haul,Pick & Pack,294,CRK075,Butter Cookies 75g,144,30,114,0.75,
AA206,DOH,2025-10-04,medium-haul,Pick & Pack,294,DRK023,Sparkling Water 330ml,263,71,192,0.45,
AA206,DOH,2025-10-04,medium-haul,Pick & Pack,294,NUT030,Mixed Nuts 30g,135,41,94,0.65,
AA206,DOH,2025-10-04,medium-haul,Pick & Pack,294,SNK001,Snack Box Economy,194,62,132,2.1,
AM205,DOH,2025-10-04,medium-haul,Retail,315,BRD001,Bread Roll Pack,76,4,72,0.35,
AM205,DOH,2025-10-04,medium-haul,Retail,315,CRK075,Butter Cookies 75g,94,20,74,0.75,
AM205,DOH,2025-10-04,medium-haul,Retail,315,DRK024,Still Water 500ml,128,22,106,0.5,
AM205,DOH,2025-10-04,medium-haul,Retail,315,HTB110,Herbal Tea Bag,95,6,89,0.06,
AM201,JFK,2025-10-04,long-haul,Retail,287,BRD001,Bread Roll Pack,77,10,67,0.35,
AM201,JFK,2025-10-04,long-haul,Retail,287,CHO050,Chocolate Bar 50g,98,23,75,0.8,
AM201,JFK,2025-10-04,long-haul,Retail,287,COF200,Instant Coffee Stick,98,14,84,0.08,
AM201,JFK,2025-10-04,long-haul,Retail,287,HTB110,Herbal Tea Bag,85,20,65,0.06,
AM201,JFK,2025-10-04,long-haul,Retail,287,JCE200,Juice 200ml,111,15,96,0.55,
AM201,JFK,2025-10-04,long-haul,Retail,287,NUT030,Mixed Nuts 30g,93,18,75,0.65,
AM201,JFK,2025-10-04,long-haul,Retail,287,SNK001,Snack Box Economy,79,12,67,2.1,
AM202,JFK,2025-10-04,long-haul,Pick & Pack,289,CHO050,Chocolate Bar 50g,151,41,110,0.8,drawer incomplete
AM202,JFK,2025-10-04,long-haul,Pick & Pack,289,COF200,Instant Coffee Stick,138,34,104,0.08,drawer incomplete
AM202,JFK,2025-10-04,long-haul,Pick & Pack,289,CRK075,Butter Cookies 75g,133,60,73,0.75,low demand
AM202,JFK,2025-10-04,long-haul,Pick & Pack,289,DRK024,Still Water 500ml,234,69,165,0.5,
AM202,JFK,2025-10-04,long-haul,Pick & Pack,289,HTB110,Herbal Tea Bag,145,55,90,0.06,
AM202,JFK,2025-10-04,long-haul,Pick & Pack,289,JCE200,Juice 200ml,234,78,156,0.55,
AM202,JFK,2025-10-04,long-haul,Pick & Pack,289,SNK001,Snack Box Economy,190,88,102,2.1,
AA200,LHR,2025-10-04,short-haul,Pick & Pack,168,BRD001,Bread Roll Pack,91,31,60,0.35,
AA200,LHR,2025-10-04,short-haul,Pick & Pack,168,CHO050,Chocolate Bar 50g,85,19,66,0.8,
AA200,LHR,2025-10-04,short-haul,Pick & Pack,168,DRK024,Still Water 500ml,136,26,110,0.5,
AA200,LHR,2025-10-04,short-haul,Pick & Pack,168,NUT030,Mixed Nuts 30g,81,26,55,0.65,
AA200,LHR,2025-10-04,short-haul,Pick & Pack,168,SNK001,Snack Box Economy,113,36,77,2.1,
NH199,LHR,2025-10-04,short-haul,Pick & Pack,172,BRD001,Bread Roll Pack,93,17,76,0.35,
NH199,LHR,2025-10-04,short-haul,Pick & Pack,172,HTB110,Herbal Tea Bag,92,30,62,0.06,
NH199,LHR,2025-10-04,short-haul,Pick & Pack,172,JCE200,Juice 200ml,150,49,101,0.55,
NH199,LHR,2025-10-04,short-haul,Pick & Pack,172,NUT030,Mixed Nuts 30g,91,27,64,0.65,
NH199,LHR,2025-10-04,short-haul,Pick & Pack,172,SNK001,Snack Box Economy,109,26,83,2.1,drawer incomplete
BA208,MEX,2025-10-04,long-haul,Pick & Pack,281,DRK024,Still Water 500ml,236,107,129,0.5,
BA208,MEX,2025-10-04,long-haul,Pick & Pack,281,HTB110,Herbal Tea Bag,149,51,98,0.06,
BA208,MEX,2025-10-04,long-haul,Pick & Pack,281,JCE200,Juice 200ml,242,66,176,0.55,
BA208,MEX,2025-10-04,long-haul,Pick & Pack,281,NUT030,Mixed Nuts 30g,142,61,81,0.65,
BA208,MEX,2025-10-04,long-haul,Pick & Pack,281,SNK001,Snack Box Economy,175,51,124,2.1,
LX207,MEX,2025-10-04,long-haul,Pick & Pack,326,BRD001,Bread Roll Pack,213,30,183,0.35,
LX207,MEX,2025-10-04,long-haul,Pick & Pack,326,CHO050,Chocolate Bar 50g,153,36,117,0.8,
LX207,MEX,2025-10-04,long-haul,Pick & Pack,326,CRK075,Butter Cookies 75g,162,54,108,0.75,
LX207,MEX,2025-10-04,long-haul,Pick & Pack,326,DRK024,Still Water 500ml,270,79,191,0.5,
BA204,NRT,2025-10-04,long-haul,Retail,346,CHO050,Chocolate Bar 50g,119,17,102,0.8,
BA204,NRT,2025-10-04,long-haul,Retail,346,COF200,Instant Coffee Stick,99,10,89,0.08,
BA204,NRT,2025-10-04,long-haul,Retail,346,JCE200,Juice 200ml,148,21,127,0.55,
BA204,NRT,2025-10-04,long-haul,Retail,346,SNK001,Snack Box Economy,84,11,73,2.1,
QR203,NRT,2025-10-04,long-haul,Pick & Pack,275,CHO050,Chocolate Bar 50g,148,55,93,0.8,
QR203,NRT,2025-10-04,long-haul,Pick & Pack,275,CRK075,Butter Cookies 75g,153,67,86,0.75,
QR203,NRT,2025-10-04,long-haul,Pick & Pack,275,DRK023,Sparkling Water 330ml,211,35,176,0.45,drawer incomplete
QR203,NRT,2025-10-04,long-haul,Pick & Pack,275,DRK024,Still Water 500ml,207,66,141,0.5,
QR203,NRT,2025-10-04,long-haul,Pick & Pack,275,HTB110,Herbal Tea Bag,141,33,108,0.06,
BA197,ZRH,2025-10-04,short-haul,Retail,144,CHO050,Chocolate Bar 50g,43,3,40,0.8,
BA197,ZRH,2025-10-04,short-haul,Retail,144,DRK023,Sparkling Water 330ml,62,6,56,0.45,
BA197,ZRH,2025-10-04,short-haul,Retail,144,JCE200,Juice 200ml,55,8,47,0.55,
BA197,ZRH,2025-10-04,short-haul,Retail,144,NUT030,Mixed Nuts 30g,49,9,40,0.65,
NH198,ZRH,2025-10-04,short-haul,Retail,152,CHO050,Chocolate Bar 50g,44,4,40,0.8,
NH198,ZRH,2025-10-04,short-haul,Retail,152,COF200,Instant Coffee Stick,42,3,39,0.08,
NH198,ZRH,2025-10-04,short-haul,Retail,152,DRK024,Still Water 500ml,69,5,64,0.5,
NH198,ZRH,2025-10-04,short-haul,Retail,152,HTB110,Herbal Tea Bag,49,6,43,0.06,
NH198,ZRH,2025-10-04,short-haul,Retail,152,NUT030,Mixed Nuts 30g,44,9,35,0.65,
AA217,DOH,2025-10-05,medium-haul,Pick & Pack,299,BRD001,Bread Roll Pack,182,62,120,0.35,
AA217,DOH,2025-10-05,medium-haul,Pick & Pack,299,CHO050,Chocolate Bar 50g,136,43,93,0.8,
AA217,DOH,2025-10-05,medium-haul,Pick & Pack,299,COF200,Instant Coffee Stick,163,33,130,0.08,
AA217,DOH,2025-10-05,medium-haul,Pick & Pack,299,DRK024,Still Water 500ml,258,79,179,0.5,
AA217,DOH,2025-10-05,medium-haul,Pick & Pack,299,HTB110,Herbal Tea Bag,145,66,79,0.06,
AA217,DOH,2025-10-05,medium-haul,Pick & Pack,299,JCE200,Juice 200ml,257,78,179,0.55,
AA217,DOH,2025-10-05,medium-haul,Pick & Pack,299,SNK001,Snack Box Economy,196,75,121,2.1,
BA218,DOH,2025-10-05,medium-haul,Pick & Pack,254,COF200,Instant Coffee Stick,145,24,121,0.08,
BA218,DOH,2025-10-05,medium-haul,Pick & Pack,254,CRK075,Butter Cookies 75g,144,64,80,0.75,low demand
BA218,DOH,2025-10-05,medium-haul,Pick & Pack,254,DRK024,Still Water 500ml,184,85,99,0.5,
BA218,DOH,2025-10-05,medium-haul,Pick & Pack,254,HTB110,Herbal Tea Bag,127,18,109,0.06,
BA218,DOH,2025-10-05,medium-haul,Pick & Pack,254,JCE200,Juice 200ml,214,72,142,0.55,
BA218,DOH,2025-10-05,medium-haul,Pick & Pack,254,NUT030,Mixed Nuts 30g,131,46,85,0.65,
BA214,JFK,2025-10-05,long-haul,Retail,374,COF200,Instant Coffee Stick,123,13,110,0.08,drawer incomplete
BA214,JFK,2025-10-05,long-haul,Retail,374,CRK075,Butter Cookies 75g,106,23,83,0.75,
BA214,JFK,2025-10-05,long-haul,Retail,374,DRK023,Sparkling Water 330ml,161,25,136,0.45,
BA214,JFK,2025-10-05,long-haul,Retail,374,DRK024,Still Water 500ml,149,27,122,0.5,
BA214,JFK,2025-10-05,long-haul,Retail,374,HTB110,Herbal Tea Bag,129,12,117,0.06,
BA214,JFK,2025-10-05,long-haul,Retail,374,JCE200,Juice 200ml,148,17,131,0.55,
BA214,JFK,2025-10-05,long-haul,Retail,374,SNK001,Snack Box Economy,88,22,66,2.1,
LX213,JFK,2025-10-05,long-haul,Pick & Pack,311,CRK075,Butter Cookies 75g,155,61,94,0.75,
LX213,JFK,2025-10-05,long-haul,Pick & Pack,311,DRK023,Sparkling Water 330ml,272,49,223,0.45,
LX213,JFK,2025-10-05,long-haul,Pick & Pack,311,DRK024,Still Water 500ml,253,48,205,0.5,
LX213,JFK,2025-10-05,long-haul,Pick & Pack,311,HTB110,Herbal Tea Bag,167,57,110,0.06,
LX213,JFK,2025-10-05,long-haul,Pick & Pack,311,JCE200,Juice 200ml,258,97,161,0.55,
LX213,JFK,2025-10-05,long-haul,Pick & Pack,311,SNK001,Snack Box Economy,188,67,121,2.1,
AA212,LHR,2025-10-05,short-haul,Retail,152,BRD001,Bread Roll Pack,40,9,31,0.35,
AA212,LHR,2025-10-05,short-haul,Retail,152,CHO050,Chocolate Bar 50g,41,3,38,0.8,
AA212,LHR,2025-10-05,short-haul,Retail,152,DRK024,Still Water 500ml,69,14,55,0.5,
AA212,LHR,2025-10-05,short-haul,Retail,152,HTB110,Herbal Tea Bag,49,3,46,0.06,
AA212,LHR,2025-10-05,short-haul,Retail,152,JCE200,Juice 200ml,58,14,44,0.55,
NH211,LHR,2025-10-05,short-haul,Retail,160,BRD001,Bread Roll Pack,41,11,30,0.35,
NH211,LHR,2025-10-05,short-haul,Retail,160,CHO050,Chocolate Bar 50g,49,11,38,0.8,
NH211,LHR,2025-10-05,short-haul,Retail,160,CRK075,Butter Cookies 75g,44,9,35,0.75,
NH211,LHR,2025-10-05,short-haul,Retail,160,JCE200,Juice 200ml,66,14,52,0.55,
NH211,LHR,2025-10-05,short-haul,Retail,160,SNK001,Snack Box Economy,45,4,41,2.1,
AM219,MEX,2025-10-05,long-haul,Pick & Pack,294,COF200,Instant Coffee Stick,132,25,107,0.08,
AM219,MEX,2025-10-05,long-haul,Pick & Pack,294,CRK075,Butter Cookies 75g,142,27,115,0.75,
AM219,MEX,2025-10-05,long-haul,Pick & Pack,294,DRK024,Still Water 500ml,232,74,158,0.5,
AM219,MEX,2025-10-05,long-haul,Pick & Pack,294,HTB110,Herbal Tea Bag,141,57,84,0.06,
AM219,MEX,2025-10-05,long-haul,Pick & Pack,294,JCE200,Juice 200ml,267,102,165,0.55,
AM219,MEX,2025-10-05,long-haul,Pick & Pack,294,NUT030,Mixed Nuts 30g,138,33,105,0.65,
NH220,MEX,2025-10-05,long-haul,Retail,304,BRD001,Bread Roll Pack,82,15,67,0.35,
NH220,MEX,2025-10-05,long-haul,Retail,304,CHO050,Chocolate Bar 50g,90,5,85,0.8,ran out early
NH220,MEX,2025-10-05,long-haul,Retail,304,COF200,Instant Coffee Stick,85,18,67,0.08,
NH220,MEX,2025-10-05,long-haul,Retail,304,DRK023,Sparkling Water 330ml,122,22,100,0.45,
NH220,MEX,2025-10-05,long-haul,Retail,304,DRK024,Still Water 500ml,113,26,87,0.5,
NH220,MEX,2025-10-05,long-haul,Retail,304,HTB110,Herbal Tea Bag,102,20,82,0.06,
NH220,MEX,2025-10-05,long-haul,Retail,304,JCE200,Juice 200ml,117,21,96,0.55,
AM216,NRT,2025-10-05,long-haul,Retail,259,BRD001,Bread Roll Pack,72,14,58,0.35,
AM216,NRT,2025-10-05,long-haul,Retail,259,CHO050,Chocolate Bar 50g,75,4,71,0.8,
AM216,NRT,2025-10-05,long-haul,Retail,259,COF200,Instant Coffee Stick,72,12,60,0.08,
AM216,NRT,2025-10-05,long-haul,Retail,259,HTB110,Herbal Tea Bag,74,8,66,0.06,
AM216,NRT,2025-10-05,long-haul,Retail,259,JCE200,Juice 200ml,101,9,92,0.55,
AM216,NRT,2025-10-05,long-haul,Retail,259,NUT030,Mixed Nuts 30g,85,9,76,0.65,
AM216,NRT,2025-10-05,long-haul,Retail,259,SNK001,Snack Box Economy,70,6,64,2.1,
QR215,NRT,2025-10-05,long-haul,Retail,325,BRD001,Bread Roll Pack,83,13,70,0.35,
QR215,NRT,2025-10-05,long-haul,Retail,325,COF200,Instant Coffee Stick,103,10,93,0.08,
QR215,NRT,2025-10-05,long-haul,Retail,325,CRK075,Butter Cookies 75g,109,14,95,0.75,
QR215,NRT,2025-10-05,long-haul,Retail,325,DRK023,Sparkling Water 330ml,139,11,128,0.45,
QR215,NRT,2025-10-05,long-haul,Retail,325,DRK024,Still Water 500ml,129,11,118,0.5,
QR215,NRT,2025-10-05,long-haul,Retail,325,HTB110,Herbal Tea Bag,106,7,99,0.06,
QR215,NRT,2025-10-05,long-haul,Retail,325,JCE200,Juice 200ml,123,21,102,0.55,
AA210,ZRH,2025-10-05,short-haul,Pick & Pack,145,CHO050,Chocolate Bar 50g,81,27,54,0.8,
AA210,ZRH,2025-10-05,short-haul,Pick & Pack,145,CRK075,Butter Cookies 75g,71,23,48,0.75,drawer incomplete
AA210,ZRH,2025-10-05,short-haul,Pick & Pack,145,DRK023,Sparkling Water 330ml,105,29,76,0.45,
AA210,ZRH,2025-10-05,short-haul,Pick & Pack,145,HTB110,Herbal Tea Bag,79,29,50,0.06,drawer incomplete
AA210,ZRH,2025-10-05,short-haul,Pick & Pack,145,NUT030,Mixed Nuts 30g,79,24,55,0.65,
AA210,ZRH,2025-10-05,short-haul,Pick & Pack,145,SNK001,Snack Box Economy,97,33,64,2.1,
LX209,ZRH,2025-10-05,short-haul,Pick & Pack,123,BRD001,Bread Roll Pack,72,35,37,0.35,
LX209,ZRH,2025-10-05,short-haul,Pick & Pack,123,CHO050,Chocolate Bar 50g,66,18,48,0.8,
LX209,ZRH,2025-10-05,short-haul,Pick & Pack,123,COF200,Instant Coffee Stick,59,17,42,0.08,
LX209,ZRH,2025-10-05,short-haul,Pick & Pack,123,DRK024,Still Water 500ml,110,25,85,0.5,drawer incomplete
LX209,ZRH,2025-10-05,short-haul,Pick & Pack,123,JCE200,Juice 200ml,93,17,76,0.55,
LX209,ZRH,2025-10-05,short-haul,Pick & Pack,123,SNK001,Snack Box Economy,74,11,63,2.1,drawer incomplete
QR229,DOH,2025-10-06,medium-haul,Retail,317,CHO050,Chocolate Bar 50g,105,7,98,0.8,
QR229,DOH,2025-10-06,medium-haul,Retail,317,COF200,Instant Coffee Stick,102,21,81,0.08,
QR229,DOH,2025-10-06,medium-haul,Retail,317,CRK075,Butter Cookies 75g,105,18,87,0.75,drawer incomplete
QR229,DOH,2025-10-06,medium-haul,Retail,317,DRK024,Still Water 500ml,142,9,133,0.5,
QR229,DOH,2025-10-06,medium-haul,Retail,317,HTB110,Herbal Tea Bag,96,11,85,0.06,
QR229,DOH,2025-10-06,medium-haul,Retail,317,NUT030,Mixed Nuts 30g,93,9,84,0.65,
QR229,DOH,2025-10-06,medium-haul,Retail,317,SNK001,Snack Box Economy,83,15,68,2.1,
QR230,DOH,2025-10-06,medium-haul,Pick & Pack,244,COF200,Instant Coffee Stick,125,46,79,0.08,
QR230,DOH,2025-10-06,medium-haul,Pick & Pack,244,CRK075,Butter Cookies 75g,121,42,79,0.75,
QR230,DOH,2025-10-06,medium-haul,Pick & Pack,244,DRK023,Sparkling Water 330ml,215,63,152,0.45,drawer incomplete
QR230,DOH,2025-10-06,medium-haul,Pick & Pack,244,DRK024,Still Water 500ml,182,58,124,0.5,
QR230,DOH,2025-10-06,medium-haul,Pick & Pack,244,HTB110,Herbal Tea Bag,115,37,78,0.06,
QR230,DOH,2025-10-06,medium-haul,Pick & Pack,244,JCE200,Juice 200ml,177,65,112,0.55,
QR230,DOH,2025-10-06,medium-haul,Pick & Pack,244,NUT030,Mixed Nuts 30g,125,50,75,0.65,
AA225,JFK,2025-10-06,long-haul,Pick & Pack,261,BRD001,Bread Roll Pack,180,37,143,0.35,
AA225,JFK,2025-10-06,long-haul,Pick & Pack,261,COF200,Instant Coffee Stick,140,32,108,0.08,
AA225,JFK,2025-10-06,long-haul,Pick & Pack,261,DRK023,Sparkling Water 330ml,204,37,167,0.45,
AA225,JFK,2025-10-06,long-haul,Pick & Pack,261,HTB110,Herbal Tea Bag,130,43,87,0.06,
AA225,JFK,2025-10-06,long-haul,Pick & Pack,261,JCE200,Juice 200ml,210,71,139,0.55,
AA225,JFK,2025-10-06,long-haul,Pick & Pack,261,NUT030,Mixed Nuts 30g,122,38,84,0.65,
AA225,JFK,2025-10-06,long-haul,Pick & Pack,261,SNK001,Snack Box Economy,174,68,106,2.1,
BA226,JFK,2025-10-06,long-haul,Pick & Pack,313,COF200,Instant Coffee Stick,146,36,110,0.08,
BA226,JFK,2025-10-06,long-haul,Pick & Pack,313,CRK075,Butter Cookies 75g,150,26,124,0.75,
BA226,JFK,2025-10-06,long-haul,Pick & Pack,313,DRK023,Sparkling Water 330ml,252,36,216,0.45,
BA226,JFK,2025-10-06,long-haul,Pick & Pack,313,DRK024,Still Water 500ml,275,57,218,0.5,
BA226,JFK,2025-10-06,long-haul,Pick & Pack,313,HTB110,Herbal Tea Bag,156,25,131,0.06,drawer incomplete
BA224,LHR,2025-10-06,short-haul,Pick & Pack,131,BRD001,Bread Roll Pack,83,24,59,0.35,
BA224,LHR,2025-10-06,short-haul,Pick & Pack,131,CHO050,Chocolate Bar 50g,65,26,39,0.8,
BA224,LHR,2025-10-06,short-haul,Pick & Pack,131,COF200,Instant Coffee Stick,61,25,36,0.08,
BA224,LHR,2025-10-06,short-haul,Pick & Pack,131,JCE200,Juice 200ml,100,47,53,0.55,
BA224,LHR,2025-10-06,short-haul,Pick & Pack,131,SNK001,Snack Box Economy,84,25,59,2.1,
NH223,LHR,2025-10-06,short-haul,Retail,161,BRD001,Bread Roll Pack,42,10,32,0.35,
NH223,LHR,2025-10-06,short-haul,Retail,161,COF200,Instant Coffee Stick,51,3,48,0.08,ran out early
NH223,LHR,2025-10-06,short-haul,Retail,161,DRK024,Still Water 500ml,60,7,53,0.5,
NH223,LHR,2025-10-06,short-haul,Retail,161,JCE200,Juice 200ml,71,12,59,0.55,
NH223,LHR,2025-10-06,short-haul,Retail,161,NUT030,Mixed Nuts 30g,48,7,41,0.65,
AA231,MEX,2025-10-06,long-haul,Pick & Pack,332,CRK075,Butter Cookies 75g,164,27,137,0.75,
AA231,MEX,2025-10-06,long-haul,Pick & Pack,332,DRK023,Sparkling Water 330ml,287,74,213,0.45,
AA231,MEX,2025-10-06,long-haul,Pick & Pack,332,DRK024,Still Water 500ml,283,99,184,0.5,drawer incomplete
AA231,MEX,2025-10-06,long-haul,Pick & Pack,332,NUT030,Mixed Nuts 30g,162,23,139,0.65,
AM232,MEX,2025-10-06,long-haul,Pick & Pack,327,BRD001,Bread Roll Pack,217,100,117,0.35,
AM232,MEX,2025-10-06,long-haul,Pick & Pack,327,CHO050,Chocolate Bar 50g,150,68,82,0.8,
AM232,MEX,2025-10-06,long-haul,Pick & Pack,327,DRK023,Sparkling Water 330ml,257,73,184,0.45,
AM232,MEX,2025-10-06,long-haul,Pick & Pack,327,JCE200,Juice 200ml,289,80,209,0.55,
AM232,MEX,2025-10-06,long-haul,Pick & Pack,327,SNK001,Snack Box Economy,188,50,138,2.1,
AM228,NRT,2025-10-06,long-haul,Pick & Pack,321,BRD001,Bread Roll Pack,216,47,169,0.35,
AM228,NRT,2025-10-06,long-haul,Pick & Pack,321,CHO050,Chocolate Bar 50g,184,42,142,0.8,
AM228,NRT,2025-10-06,long-haul,Pick & Pack,321,DRK024,Still Water 500ml,284,69,215,0.5,
AM228,NRT,2025-10-06,long-haul,Pick & Pack,321,HTB110,Herbal Tea Bag,176,63,113,0.06,
AM228,NRT,2025-10-06,long-haul,Pick & Pack,321,JCE200,Juice 200ml,254,83,171,0.55,
AM228,NRT,2025-10-06,long-haul,Pick & Pack,321,NUT030,Mixed Nuts 30g,154,59,95,0.65,
AM228,NRT,2025-10-06,long-haul,Pick & Pack,321,SNK001,Snack Box Economy,183,58,125,2.1,
BA227,NRT,2025-10-06,long-haul,Pick & Pack,311,COF200,Instant Coffee Stick,166,74,92,0.08,
BA227,NRT,2025-10-06,long-haul,Pick & Pack,311,CRK075,Butter Cookies 75g,151,65,86,0.75,
BA227,NRT,2025-10-06,long-haul,Pick & Pack,311,DRK023,Sparkling Water 330ml,229,37,192,0.45,
BA227,NRT,2025-10-06,long-haul,Pick & Pack,311,DRK024,Still Water 500ml,234,48,186,0.5,
BA227,NRT,2025-10-06,long-haul,Pick & Pack,311,HTB110,Herbal Tea Bag,167,48,119,0.06,
BA227,NRT,2025-10-06,long-haul,Pick & Pack,311,SNK001,Snack Box Economy,197,43,154,2.1,
AM222,ZRH,2025-10-06,short-haul,Retail,137,CHO050,Chocolate Bar 50g,40,3,37,0.8,
AM222,ZRH,2025-10-06,short-haul,Retail,137,DRK023,Sparkling Water 330ml,51,9,42,0.45,
AM222,ZRH,2025-10-06,short-haul,Retail,137,DRK024,Still Water 500ml,50,7,43,0.5,
AM222,ZRH,2025-10-06,short-haul,Retail,137,HTB110,Herbal Tea Bag,41,10,31,0.06,
AM222,ZRH,2025-10-06,short-haul,Retail,137,JCE200,Juice 200ml,50,7,43,0.55,
NH221,ZRH,2025-10-06,short-haul,Pick & Pack,152,BRD001,Bread Roll Pack,92,31,61,0.35,
NH221,ZRH,2025-10-06,short-haul,Pick & Pack,152,CHO050,Chocolate Bar 50g,83,32,51,0.8,
NH221,ZRH,2025-10-06,short-haul,Pick & Pack,152,COF200,Instant Coffee Stick,73,12,61,0.08,drawer incomplete
NH221,ZRH,2025-10-06,short-haul,Pick & Pack,152,NUT030,Mixed Nuts 30g,78,19,59,0.65,
LX242,DOH,2025-10-07,medium-haul,Retail,272,BRD001,Bread Roll Pack,67,7,60,0.35,
LX242,DOH,2025-10-07,medium-haul,Retail,272,DRK023,Sparkling Water 330ml,101,13,88,0.45,
LX242,DOH,2025-10-07,medium-haul,Retail,272,DRK024,Still Water 500ml,118,23,95,0.5,
LX242,DOH,2025-10-07,medium-haul,Retail,272,HTB110,Herbal Tea Bag,79,10,69,0.06,
LX242,DOH,2025-10-07,medium-haul,Retail,272,NUT030,Mixed Nuts 30g,80,7,73,0.65,
LX242,DOH,2025-10-07,medium-haul,Retail,272,SNK001,Snack Box Economy,78,4,74,2.1,
NH241,DOH,2025-10-07,medium-haul,Retail,262,BRD001,Bread Roll Pack,75,7,68,0.35,
NH241,DOH,2025-10-07,medium-haul,Retail,262,COF200,Instant Coffee Stick,87,17,70,0.08,
NH241,DOH,2025-10-07,medium-haul,Retail,262,DRK023,Sparkling Water 330ml,115,26,89,0.45,
NH241,DOH,2025-10-07,medium-haul,Retail,262,DRK024,Still Water 500ml,118,7,111,0.5,
NH241,DOH,2025-10-07,medium-haul,Retail,262,HTB110,Herbal Tea Bag,86,16,70,0.06,
NH241,DOH,2025-10-07,medium-haul,Retail,262,JCE200,Juice 200ml,113,15,98,0.55,
NH241,DOH,2025-10-07,medium-haul,Retail,262,SNK001,Snack Box Economy,73,7,66,2.1,
AA237,JFK,2025-10-07,long-haul,Pick & Pack,340,COF200,Instant Coffee Stick,173,55,118,0.08,drawer incomplete
AA237,JFK,2025-10-07,long-haul,Pick & Pack,340,DRK024,Still Water 500ml,258,86,172,0.5,
AA237,JFK,2025-10-07,long-haul,Pick & Pack,340,JCE200,Juice 200ml,306,65,241,0.55,
AA237,JFK,2025-10-07,long-haul,Pick & Pack,340,NUT030,Mixed Nuts 30g,168,59,109,0.65,
AA237,JFK,2025-10-07,long-haul,Pick & Pack,340,SNK001,Snack Box Economy,200,55,145,2.1,
BA238,JFK,2025-10-07,long-haul,Pick & Pack,317,CHO050,Chocolate Bar 50g,161,68,93,0.8,
BA238,JFK,2025-10-07,long-haul,Pick & Pack,317,CRK075,Butter Cookies 75g,145,35,110,0.75,
BA238,JFK,2025-10-07,long-haul,Pick & Pack,317,DRK024,Still Water 500ml,256,37,219,0.5,
BA238,JFK,2025-10-07,long-haul,Pick & Pack,317,SNK001,Snack Box Economy,192,37,155,2.1,
NH236,LHR,2025-10-07,short-haul,Pick & Pack,152,BRD001,Bread Roll Pack,91,19,72,0.35,
NH236,LHR,2025-10-07,short-haul,Pick & Pack,152,COF200,Instant Coffee Stick,77,22,55,0.08,
NH236,LHR,2025-10-07,short-haul,Pick & Pack,152,DRK023,Sparkling Water 330ml,126,22,104,0.45,
NH236,LHR,2025-10-07,short-haul,Pick & Pack,152,DRK024,Still Water 500ml,128,54,74,0.5,
NH236,LHR,2025-10-07,short-haul,Pick & Pack,152,NUT030,Mixed Nuts 30g,82,15,67,0.65,
QR235,LHR,2025-10-07,short-haul,Pick & Pack,159,CHO050,Chocolate Bar 50g,75,13,62,0.8,
QR235,LHR,2025-10-07,short-haul,Pick & Pack,159,COF200,Instant Coffee Stick,74,14,60,0.08,
QR235,LHR,2025-10-07,short-haul,Pick & Pack,159,DRK023,Sparkling Water 330ml,127,35,92,0.45,
QR235,LHR,2025-10-07,short-haul,Pick & Pack,159,DRK024,Still Water 500ml,118,57,61,0.5,
QR235,LHR,2025-10-07,short-haul,Pick & Pack,159,HTB110,Herbal Tea Bag,72,25,47,0.06,
QR235,LHR,2025-10-07,short-haul,Pick & Pack,159,JCE200,Juice 200ml,125,49,76,0.55,
LX243,MEX,2025-10-07,long-haul,Retail,296,CRK075,Butter Cookies 75g,80,15,65,0.75,
LX243,MEX,2025-10-07,long-haul,Retail,296,DRK023,Sparkling Water 330ml,107,15,92,0.45,
LX243,MEX,2025-10-07,long-haul,Retail,296,DRK024,Still Water 500ml,121,9,112,0.5,
LX243,MEX,2025-10-07,long-haul,Retail,296,HTB110,Herbal Tea Bag,89,15,74,0.06,
LX244,MEX,2025-10-07,long-haul,Pick & Pack,348,BRD001,Bread Roll Pack,219,56,163,0.35,
LX244,MEX,2025-10-07,long-haul,Pick & Pack,348,CHO050,Chocolate Bar 50g,176,59,117,0.8,
LX244,MEX,2025-10-07,long-haul,Pick & Pack,348,CRK075,Butter Cookies 75g,183,40,143,0.75,
LX244,MEX,2025-10-07,long-haul,Pick & Pack,348,DRK023,Sparkling Water 330ml,262,58,204,0.45,
BA239,NRT,2025-10-07,long-haul,Retail,304,BRD001,Bread Roll Pack,71,13,58,0.35,
BA239,NRT,2025-10-07,long-haul,Retail,304,DRK024,Still Water 500ml,121,30,91,0.5,
BA239,NRT,2025-10-07,long-haul,Retail,304,HTB110,Herbal Tea Bag,94,12,82,0.06,drawer incomplete
BA239,NRT,2025-10-07,long-haul,Retail,304,SNK001,Snack Box Economy,74,7,67,2.1,drawer incomplete
QR240,NRT,2025-10-07,long-haul,Retail,308,BRD001,Bread Roll Pack,79,8,71,0.35,
QR240,NRT,2025-10-07,long-haul,Retail,308,COF200,Instant Coffee Stick,99,21,78,0.08,
QR240,NRT,2025-10-07,long-haul,Retail,308,CRK075,Butter Cookies 75g,85,6,79,0.75,
QR240,NRT,2025-10-07,long-haul,Retail,308,DRK023,Sparkling Water 330ml,114,6,108,0.45,
QR240,NRT,2025-10-07,long-haul,Retail,308,HTB110,Herbal Tea Bag,96,5,91,0.06,
QR240,NRT,2025-10-07,long-haul,Retail,308,JCE200,Juice 200ml,112,30,82,0.55,
QR240,NRT,2025-10-07,long-haul,Retail,308,SNK001,Snack Box Economy,77,11,66,2.1,drawer incomplete
NH234,ZRH,2025-10-07,short-haul,Retail,164,CHO050,Chocolate Bar 50g,51,4,47,0.8,
NH234,ZRH,2025-10-07,short-haul,Retail,164,COF200,Instant Coffee Stick,56,8,48,0.08,
NH234,ZRH,2025-10-07,short-haul,Retail,164,CRK075,Butter Cookies 75g,56,15,41,0.75,
NH234,ZRH,2025-10-07,short-haul,Retail,164,DRK023,Sparkling Water 330ml,74,20,54,0.45,
NH234,ZRH,2025-10-07,short-haul,Retail,164,JCE200,Juice 200ml,65,16,49,0.55,
NH234,ZRH,2025-10-07,short-haul,Retail,164,SNK001,Snack Box Economy,43,7,36,2.1,
QR233,ZRH,2025-10-07,short-haul,Retail,148,CHO050,Chocolate Bar 50g,41,6,35,0.8,
QR233,ZRH,2025-10-07,short-haul,Retail,148,CRK075,Butter Cookies 75g,40,4,36,0.75,
QR233,ZRH,2025-10-07,short-haul,Retail,148,DRK023,Sparkling Water 330ml,66,5,61,0.45,
QR233,ZRH,2025-10-07,short-haul,Retail,148,DRK024,Still Water 500ml,64,13,51,0.5,
QR233,ZRH,2025-10-07,short-haul,Retail,148,HTB110,Herbal Tea Bag,43,3,40,0.06,ran out early
QR233,ZRH,2025-10-07,short-haul,Retail,148,JCE200,Juice 200ml,61,12,49,0.55,